1,1301,東証1部,極洋
2,1305,東証,ダイワ上場投信-トピックス
3,1306,東証,TOPIX連動型上場投資信託
4,1308,東証,上場インデックスファンドTOPIX
5,1309,東証,上海株式指数・上証50連動型上場投資信託
6,1310,東証,ダイワ上場投信-トピックス・コア30
7,1311,東証,TOPIX Core 30 連動型上場投資信託
8,1312,東証,ラッセル野村小型コア・インデックス連動型上場投資信託
9,1313,東証,サムスンKODEX200証券上場指数投資信託
10,1314,東証,上場インデックスファンドS&P日本新興株100
11,1316,東証,上場インデックスファンドTOPIX100日本大型株
12,1317,東証,上場インデックスファンドTOPIX Mid400日本中型株
13,1318,東証,上場インデックスファンドTOPIX Small日本小型株
14,1319,東証,日経300株価指数連動型上場投資信託
15,1319,福証,日経300株価指数連動型上場投資信託
16,1319,札証,日経300株価指数連動型上場投資信託
17,1320,東証,ダイワ上場投信-日経225
18,1321,東証,日経225連動型上場投資信託
19,1322,東証,上場インデックスファンド中国A株（パンダ）CSI300
20,1323,東証,NEXT FUNDS 南アフリカ株式指数・FTSE/JSE Africa Top40連動型上場投信
21,1324,東証,NEXT FUNDS ロシア株式指数・RTS連動型上場投信
22,1325,東証,NEXT FUNDS ブラジル株式指数・ボベスパ連動型上場投信
23,1326,東証,SPDRゴールド・シェア
24,1327,東証,S&P GSCI商品指数キャップド･コンポーネント35/20･THEAM･イージーUCITS･ETFクラスA米ドル建
25,1328,東証,金価格連動型上場投資信託
26,1329,東証,iシェアーズ 日経225 ETF
27,1330,東証,上場インデックスファンド225
28,1332,東証1部,日本水産
29,1333,東証1部,マルハニチロ
30,1343,東証,NEXT FUNDS 東証REIT指数連動型上場投信
31,1344,東証,MAXIS トピックス・コア30上場投信
32,1345,東証,上場インデックスファンドJリート（東証REIT指数）隔月分配型
33,1346,東証,MAXIS 日経225上場投信
34,1347,東証,上場インデックスファンドFTSE日本グリーンチップ35
35,1348,東証,MAXIS トピックス上場投信
36,1349,東証,ABF汎アジア債券インデックス・ファンド
37,1352,東証1部,ホウスイ
38,1356,東証,TOPIXベア2倍上場投信
39,1376,JQスタンダード,カネコ種苗
40,1377,東証1部,サカタのタネ
41,1378,東証2部,雪国まいたけ
42,1379,東証1部,ホクト
43,1380,JQスタンダード,秋川牧園
44,1381,JQスタンダード,アクシーズ
45,1382,JQスタンダード,ホーブ
46,1383,JQスタンダード,ベルグアース
47,1400,JQグロース,ルーデン・ホールディングス
48,1401,福証Q-Board,エムビーエス
49,1405,東証2部,サーラ住宅
50,1407,JQスタンダード,ウエストホールディングス
51,1408,JQグロース,サムシングホールディングス
52,1414,東証1部,ショーボンドホールディングス
53,1417,東証1部,ミライト・ホールディングス
54,1418,JQスタンダード,インターライフホールディングス
55,1419,東証1部,タマホーム
56,1419,福証,タマホーム
57,1420,東証1部,サンヨーホームズ
58,1427,東証TPM,HABITA CRAFT
59,1429,東証マザーズ,日本アクア
60,1491,東証2部,中外鉱業
61,1514,東証1部,住石ホールディングス
62,1515,東証1部,日鉄鉱業
63,1518,東証1部,三井松島産業
64,1518,福証,三井松島産業
65,1540,東証,純金上場信託（現物国内保管型）
66,1541,東証,純プラチナ上場信託（現物国内保管型）
67,1542,東証,純銀上場信託（現物国内保管型）
68,1543,東証,純パラジウム上場信託（現物国内保管型）
69,1544,東証,上場インデックスファンド日本株式（MSCIジャパン）
70,1545,東証,NEXT FUNDS NASDAQ-100連動型上場投信
71,1546,東証,NEXT FUNDS ダウ・ジョーンズ工業株30種平均株価連動型上場投信
72,1547,東証,上場インデックスファンド米国株式（S&P500）
73,1548,東証,上場インデックスファンド中国H株（ハンセン中国企業株）
74,1549,東証,上場インデックスファンドCNX Nifty先物（インド株式）
75,1550,東証,MAXIS 海外株式（MSCIコクサイ）上場投信
76,1551,東証,JASDAQ-TOP20上場投信
77,1552,東証,国際のETF VIX短期先物指数
78,1554,東証,上場インデックスファンド世界株式（MSCI ACWI）除く日本
79,1555,東証,上場インデックスファンド豪州リート（S&P/ASX200 A-REIT）
80,1556,東証,上場インデックスファンド日経中国関連株50
81,1557,東証,SPDR S&P500 ETF
82,1559,東証,NEXT FUNDS タイ株式SET50指数連動型上場投信
83,1560,東証,NEXT FUNDS FTSEブルサ・マレーシアKLCI連動型上場投信
84,1561,東証,国際のETF VIX中期先物指数
85,1562,東証,YOURMIRAI アジア関連日本株指数上場投信
86,1563,東証,マザーズ・コア上場投信
87,1565,東証,日経カバードコール指数上場投信
88,1566,東証,上場インデックスファンド新興国債券（バークレイズLocal EM国債）
89,1567,東証,MAXISトピックスリスクコントロール（5％）上場投信
90,1568,東証,TOPIXブル2倍上場投信
91,1569,東証,TOPIXベア上場投信
92,1570,東証,NEXT FUNDS 日経平均レバレッジ・インデックス連動型上場投信
93,1571,東証,NEXT FUNDS 日経平均インバース・インデックス連動型上場投信
94,1572,東証,中国H株ブル2倍上場投信
95,1573,東証,中国H株ベア上場投信
96,1574,東証,MAXISトピックスリスクコントロール（10％）上場投信
97,1575,東証,ChinaAMC CSI 300 Index ETF-JDR
98,1576,東証,南方 FTSE 中国A株50 ETF
99,1577,東証,NEXT FUNDS 野村日本株高配当70連動型上場投信
100,1578,東証,上場インデックスファンド日経225（ミニ）
101,1579,東証,日経平均ブル2倍上場投信
102,1580,東証,日経平均ベア上場投信
103,1581,東証,iシェアーズ 先進国株ETF（MSCIコクサイ）
104,1582,東証,iシェアーズ エマージング株ETF（MSCIエマージングIMI）
105,1583,東証,iシェアーズ フロンティア株ETF（MSCIフロンティア100）
106,1584,東証,サムスンKODEXサムスングループ株証券上場指数投資信託
107,1585,東証,ダイワ上場投信・TOPIX Ex-Financials
108,1586,東証,上場インデックスファンドTOPIX Ex-Financials
109,1587,東証,iシェアーズ 米国超大型株ETF（S&P100）
110,1588,東証,iシェアーズ 米国小型株ETF（ラッセル2000）
111,1589,東証,iシェアーズ 米国高配当株ETF（モーニングスター配当フォーカス）
112,1590,東証,iシェアーズ 米国リート・不動産株ETF（ダウ・ジョーンズ米国不動産）
113,1591,東証,NEXT FUNDS JPX日経インデックス400連動型上場投信
114,1592,東証,上場インデックスファンドJPX日経インデックス400
115,1593,東証,MAXIS JPX日経インデックス400上場投信
116,1595,東証,NZAM 上場投信 東証REIT指数
117,1596,東証,NZAM 上場投信 TOPIX Ex-Financials
118,1597,東証,MAXIS Jリート上場投信
119,1598,東証,NEXT FUNDS R／Nファンダメンタル・インデックス上場投信
120,1599,東証,ダイワ上場投信-JPX日経400
121,1605,東証1部,国際石油開発帝石
122,1606,東証1部,日本海洋掘削
123,1610,東証,ダイワ上場投信-東証電気機器株価指数
124,1612,東証,ダイワ上場投信-東証銀行業株価指数
125,1613,東証,東証電気機器株価指数連動型上場投資信託
126,1615,東証,東証銀行業株価指数連動型上場投資信託
127,1617,東証,NEXT FUNDS 食品（TOPIX-17）上場投信
128,1618,東証,NEXT FUNDS エネルギー資源（TOPIX-17）上場投信
129,1619,東証,NEXT FUNDS 建設・資材（TOPIX-17）上場投信
130,1620,東証,NEXT FUNDS 素材・化学（TOPIX-17）上場投信
131,1621,東証,NEXT FUNDS 医薬品（TOPIX-17）上場投信
132,1622,東証,NEXT FUNDS 自動車・輸送機（TOPIX-17）上場投信
133,1623,東証,NEXT FUNDS 鉄鋼・非鉄（TOPIX-17）上場投信
134,1624,東証,NEXT FUNDS 機械（TOPIX-17）上場投信
135,1625,東証,NEXT FUNDS 電機・精密（TOPIX-17）上場投信
136,1626,東証,NEXT FUNDS 情報通信･サービスその他（TOPIX-17）上場投信
137,1627,東証,NEXT FUNDS 電力・ガス（TOPIX-17）上場投信
138,1628,東証,NEXT FUNDS 運輸・物流（TOPIX-17）上場投信
139,1629,東証,NEXT FUNDS 商社・卸売（TOPIX-17）上場投信
140,1630,東証,NEXT FUNDS 小売（TOPIX-17）上場投信
141,1631,東証,NEXT FUNDS 銀行（TOPIX-17）上場投信
142,1632,東証,NEXT FUNDS 金融（除く銀行）（TOPIX-17）上場投信
143,1633,東証,NEXT FUNDS 不動産（TOPIX-17）上場投信
144,1634,東証,ダイワ上場投信・TOPIX-17 食品
145,1635,東証,ダイワ上場投信・TOPIX-17 エネルギー資源
146,1636,東証,ダイワ上場投信・TOPIX-17 建設・資材
147,1637,東証,ダイワ上場投信・TOPIX-17 素材・化学
148,1638,東証,ダイワ上場投信・TOPIX-17 医薬品
149,1639,東証,ダイワ上場投信・TOPIX-17 自動車・輸送機
150,1640,東証,ダイワ上場投信・TOPIX-17 鉄鋼・非鉄
151,1641,東証,ダイワ上場投信・TOPIX-17 機械
152,1642,東証,ダイワ上場投信・TOPIX-17 電機・精密
153,1643,東証,ダイワ上場投信・TOPIX-17 情報通信・サービスその他
154,1644,東証,ダイワ上場投信・TOPIX-17 電力・ガス
155,1645,東証,ダイワ上場投信・TOPIX-17 運輸・物流
156,1646,東証,ダイワ上場投信・TOPIX-17 商社・卸売
157,1647,東証,ダイワ上場投信・TOPIX-17 小売
158,1648,東証,ダイワ上場投信・TOPIX-17 銀行
159,1649,東証,ダイワ上場投信・TOPIX-17 金融（除く銀行）
160,1650,東証,ダイワ上場投信・TOPIX-17 不動産
161,1662,東証1部,石油資源開発
162,1663,東証1部,K&Oエナジーグループ
163,1670,東証,MAXIS S&P三菱系企業群上場投信
164,1671,東証,WTI原油価格連動型上場投信
165,1672,東証,ETFS 金上場投資信託
166,1673,東証,ETFS 銀上場投資信託
167,1674,東証,ETFS 白金上場投資信託
168,1675,東証,ETFS パラジウム上場投資信託
169,1676,東証,ETFS 貴金属バスケット上場投資信託
170,1677,東証,上場インデックスファンド海外債券（Citi WGBI）毎月分配型
171,1678,東証,NEXT FUNDS インド株式指数・CNX Nifty連動型上場投信
172,1679,東証,Simple-X NYダウ・ジョーンズ・インデックス上場投信
173,1680,東証,上場インデックスファンド海外先進国株式（MSCI-KOKUSAI）
174,1681,東証,上場インデックスファンド海外新興国株式（MSCIエマージング）
175,1682,東証,NEXT FUNDS 日経・東商取白金指数連動型上場投信
176,1683,東証,国内金先物価格連動型上場投信
177,1684,東証,ETFS 総合商品指数（DJ-UBSCI）上場投資信託
178,1685,東証,ETFS エネルギー商品指数（DJ-UBSCI）上場投資信託
179,1686,東証,ETFS 産業用金属商品指数（DJ-UBSCI）上場投資信託
180,1687,東証,ETFS 農産物商品指数（DJ-UBSCI）上場投資信託
181,1688,東証,ETFS 穀物商品指数（DJ-UBSCI）上場投資信託
182,1689,東証,ETFS 天然ガス上場投資信託
183,1690,東証,ETFS WTI 原油上場投資信託
184,1691,東証,ETFS ガソリン上場投資信託
185,1692,東証,ETFS アルミニウム上場投資信託
186,1693,東証,ETFS 銅上場投資信託
187,1694,東証,ETFS ニッケル上場投資信託
188,1695,東証,ETFS 小麦上場投資信託
189,1696,東証,ETFS とうもろこし上場投資信託
190,1697,東証,ETFS 大豆上場投資信託
191,1698,東証,上場インデックスファンド日本高配当（東証配当フォーカス100）
192,1699,東証,NEXT FUNDS NOMURA原油インデックス連動型上場投信
193,1711,東証マザーズ,省電舎
194,1712,東証1部,ダイセキ環境ソリューション
195,1716,JQスタンダード,第一カッター興業
196,1717,JQスタンダード,明豊ファシリティワークス
197,1718,JQスタンダード,美樹工業
198,1719,東証1部,安藤・間
199,1720,東証1部,東急建設
200,1721,東証1部,コムシスホールディングス
201,1722,東証1部,ミサワホーム
202,1723,JQスタンダード,日本電技
203,1724,JQスタンダード,シンクレイヤ
204,1726,東証2部,ビーアールホールディングス
205,1728,JQスタンダード,ミサワホーム中国
206,1730,JQスタンダード,麻生フオームクリート
207,1734,札証,北弘電社
208,1736,JQスタンダード,オーテック
209,1737,東証2部,三井金属エンジニアリング
210,1739,JQグロース,シード
211,1743,東証2部,コーアツ工業
212,1743,福証,コーアツ工業
213,1757,東証2部,クレアホールディングス
214,1758,JQスタンダード,太洋基礎工業
215,1762,東証1部,高松コンストラクショングループ
216,1764,東証2部,工藤建設
217,1766,東証1部,東建コーポレーション
218,1768,東証2部,ソネック
219,1770,JQスタンダード,藤田エンジニアリング
220,1771,福証,日本乾溜工業
221,1773,東証1部外国,ワイ・ティー・エル・コーポレーション・バーハッド
222,1775,東証2部,富士古河E&C
223,1776,東証2部,三井住建道路
224,1780,東証1部,ヤマウラ
225,1782,JQスタンダード,常磐開発
226,1783,JQスタンダード,A.Cホールディングス
227,1787,JQスタンダード,ナカボーテック
228,1788,JQスタンダード,三東工業社
229,1789,JQスタンダード,山加電業
230,1793,JQスタンダード,大本組
231,1795,JQスタンダード,マサル
232,1798,JQスタンダード,守谷商会
233,1799,JQスタンダード,第一建設工業
234,1801,東証1部,大成建設
235,1802,東証1部,大林組
236,1802,福証,大林組
237,1803,東証1部,清水建設
238,1805,東証1部,飛島建設
239,1807,JQスタンダード,佐藤渡辺
240,1808,東証1部,長谷工コーポレーション
241,1810,東証1部,松井建設
242,1811,東証1部,錢高組
243,1812,東証1部,鹿島建設
244,1813,東証1部,不動テトラ
245,1814,東証1部,大末建設
246,1815,東証1部,鉄建建設
247,1819,東証1部,日鉄住金テックスエンジ
248,1820,東証1部,西松建設
249,1821,東証1部,三井住友建設
250,1822,東証1部,大豊建設
251,1824,東証1部,前田建設工業
252,1826,東証1部,佐田建設
253,1827,東証1部,ナカノフドー建設
254,1828,東証2部,田辺工業
255,1832,札証,北海電気工事
256,1833,東証1部,奥村組
257,1834,東証1部,大和小田急建設
258,1835,東証1部,東鉄工業
259,1840,東証2部,土屋ホールディングス
260,1840,札証,土屋ホールディングス
261,1841,JQスタンダード,サンユー建設
262,1844,東証2部,大盛工業
263,1846,東証2部,鈴縫工業
264,1847,東証1部,イチケン
265,1848,東証2部,富士ピー・エス
266,1848,福証,富士ピー・エス
267,1850,東証2部,南海辰村建設
268,1852,東証1部,淺沼組
269,1853,東証2部,森組
270,1860,東証1部,戸田建設
271,1861,東証1部,熊谷組
272,1865,東証1部,青木あすなろ建設
273,1866,東証1部,北野建設
274,1867,東証1部,植木組
275,1868,東証1部,三井ホーム
276,1870,東証1部,矢作建設工業
277,1871,東証1部,ピーエス三菱
278,1873,東証1部,東日本ハウス
279,1878,東証1部,大東建託
280,1879,東証1部,新日本建設
281,1881,東証1部,NIPPO
282,1881,札証,NIPPO
283,1882,東証1部,東亜道路工業
284,1883,東証1部,前田道路
285,1884,東証1部,日本道路
286,1885,東証1部,東亜建設工業
287,1885,札証,東亜建設工業
288,1888,東証1部,若築建設
289,1890,東証1部,東洋建設
290,1893,東証1部,五洋建設
291,1896,東証1部,大林道路
292,1897,東証2部,金下建設
293,1898,東証1部,世紀東急工業
294,1899,東証1部,福田組
295,1904,JQスタンダード,大成温調
296,1905,JQスタンダード,テノックス
297,1906,JQスタンダード,細田工務店
298,1909,東証1部,日本ドライケミカル
299,1911,東証1部,住友林業
300,1914,東証1部,日本基礎技術
301,1916,東証1部,日成ビルド工業
302,1919,東証1部,ヤマダ・エスバイエルホーム
303,1921,東証1部,巴コーポレーション
304,1921,札証,巴コーポレーション
305,1924,東証1部,パナホーム
306,1925,東証1部,大和ハウス工業
307,1926,東証1部,ライト工業
308,1928,東証1部,積水ハウス
309,1929,東証1部,日特建設
310,1930,東証1部,北陸電気工事
311,1931,東証2部,日本電通
312,1933,東証2部,西日本システム建設
313,1933,福証,西日本システム建設
314,1934,東証1部,ユアテック
315,1935,東証2部,TTK
316,1937,東証1部,西部電気工業
317,1937,福証,西部電気工業
318,1938,東証2部,日本リーテック
319,1939,東証1部,四電工
320,1941,東証1部,中電工
321,1942,東証1部,関電工
322,1944,東証1部,きんでん
323,1945,東証1部,東京エネシス
324,1946,東証1部,トーエネック
325,1948,東証2部,弘電社
326,1949,東証1部,住友電設
327,1950,東証1部,日本電設工業
328,1951,東証1部,協和エクシオ
329,1952,東証1部,新日本空調
330,1954,東証1部,日本工営
331,1956,東証1部,NDS
332,1959,東証1部,九電工
333,1959,福証,九電工
334,1960,東証2部,サンテック
335,1961,東証1部,三機工業
336,1963,東証1部,日揮
337,1964,東証1部,中外炉工業
338,1965,東証2部,テクノ菱和
339,1966,東証2部,高田工業所
340,1966,福証,高田工業所
341,1967,東証1部,ヤマト
342,1968,東証1部,太平電業
343,1969,東証1部,高砂熱学工業
344,1971,東証2部,中央ビルト工業
345,1972,東証1部,三晃金属工業
346,1973,東証1部,NECネッツエスアイ
347,1975,東証1部,朝日工業社
348,1976,東証1部,明星工業
349,1979,東証1部,大氣社
350,1980,東証1部,ダイダン
351,1981,JQスタンダード,協和日成
352,1982,東証1部,日比谷総合設備
353,1983,東証1部,東芝プラントシステム
354,1984,JQスタンダード,三信建設工業
355,1987,東証2部,ソルコム
356,1989,東証2部,北陸電話工事
357,1992,JQスタンダード,神田通信機
358,1994,JQスタンダード,高橋カーテンウォール工業
359,1997,JQスタンダード,暁飯島工業
360,1999,福証,サイタホールディングス
361,2001,東証1部,日本製粉
362,2001,札証,日本製粉
363,2002,東証1部,日清製粉グループ本社
364,2003,東証1部,日東富士製粉
365,2004,東証1部,昭和産業
366,2006,東証2部,東福製粉
367,2006,福証,東福製粉
368,2008,東証2部,増田製粉所
369,2009,東証1部,鳥越製粉
370,2009,福証,鳥越製粉
371,2021,東証,iPath 商品指数連動受益証券発行信託
372,2022,東証,iPath 貴金属指数連動受益証券発行信託
373,2023,東証,iPath 産業用金属指数連動受益証券発行信託
374,2024,東証,iPath エネルギー指数連動受益証券発行信託
375,2025,東証,iPath 農産物指数連動受益証券発行信託
376,2026,東証,iPath 穀物指数連動受益証券発行信託
377,2027,東証,iPath ソフト農産物指数連動受益証券発行信託
378,2028,東証,iPath 畜産物指数連動受益証券発行信託
379,2029,東証,iPath VIX中期先物指数連動受益証券発行信託
380,2030,東証,iPath VIX短期先物指数連動受益証券発行信託
381,2031,東証,NEXT NOTES 香港ハンセン・ダブル・ブル ETN
382,2032,東証,NEXT NOTES 香港ハンセン・ベア ETN
383,2033,東証,NEXT NOTES 韓国KOSPI・ダブル・ブル ETN
384,2034,東証,NEXT NOTES 韓国KOSPI・ベア ETN
385,2035,東証,NEXT NOTES 日経平均VI先物指数 ETN
386,2036,東証,NEXT NOTES 日経・TOCOM 金 ダブル・ブル ETN
387,2037,東証,NEXT NOTES 日経・TOCOM 金 ベア ETN
388,2038,東証,NEXT NOTES 日経・TOCOM 原油 ダブル・ブル ETN
389,2039,東証,NEXT NOTES 日経・TOCOM 原油 ベア ETN
390,2040,東証,NEXT NOTES NYダウ・ダブル・ブル・ドルヘッジ ETN
391,2041,東証,NEXT NOTES NYダウ・ベア・ドルヘッジ ETN
392,2042,東証,NEXT NOTES 東証マザーズ ETN
393,2043,東証,NEXT NOTES STOXX アセアン好配当50（円、ネットリターン）ETN
394,2052,東証1部,協同飼料
395,2053,東証1部,中部飼料
396,2055,東証2部,日和産業
397,2056,東証1部,日本配合飼料
398,2058,福証,ヒガシマル
399,2107,東証1部,東洋精糖
400,2108,東証1部,日本甜菜製糖
401,2109,東証1部,三井製糖
402,2112,東証1部,塩水港精糖
403,2114,東証2部,フジ日本精糖
404,2117,東証2部,日新製糖
405,2120,東証1部,ネクスト
406,2121,東証マザーズ,ミクシィ
407,2122,東証マザーズ,インタースペース
408,2124,JQスタンダード,ジェイエイシーリクルートメント
409,2127,東証1部,日本M&Aセンター
410,2128,東証1部,ノバレーゼ
411,2131,東証1部,アコーディア・ゴルフ
412,2132,JQグロース,アイレップ
413,2134,JQスタンダード,燦キャピタルマネージメント
414,2136,JQスタンダード,ヒップ
415,2137,札証アンビシャス,光ハイツ・ヴェラス
416,2138,JQスタンダード,クルーズ
417,2144,JQグロース,やまねメディカル
418,2145,JQスタンダード,データリンクス
419,2146,JQスタンダード,UTホールディングス
420,2148,東証マザーズ,アイティメディア
421,2150,東証マザーズ,ケアネット
422,2151,東証1部,タケエイ
423,2152,JQスタンダード,幼児活動研究会
424,2153,東証2部,E・Jホールディングス
425,2154,東証1部,トラスト・テック
426,2155,東証マザーズ,カービュー
427,2156,JQスタンダード,セーラー広告
428,2157,JQスタンダード,コシダカホールディングス
429,2158,東証マザーズ,UBIC
430,2159,東証マザーズ,フルスピード
431,2160,東証マザーズ,ジーエヌアイグループ
432,2162,JQスタンダード,日本マニュファクチャリングサービス
433,2163,JQスタンダード,アルトナー
434,2164,JQグロース,地域新聞社
435,2165,JQスタンダード,メガロス
436,2168,東証1部,パソナグループ
437,2169,東証1部,CDS
438,2170,東証1部,リンクアンドモチベーション
439,2172,札証アンビシャス,インサイト
440,2173,JQグロース,博展
441,2174,東証1部,GCAサヴィアン
442,2175,東証1部,エス・エム・エス
443,2176,JQスタンダード,イナリサーチ
444,2178,東証マザーズ,トライステージ
445,2179,JQスタンダード,成学社
446,2180,JQグロース,サニーサイドアップ
447,2181,東証1部,テンプホールディングス
448,2183,東証1部,リニカル
449,2185,JQスタンダード,シイエム・シイ
450,2186,JQスタンダード,ソーバル
451,2190,JQスタンダード,JCLバイオアッセイ
452,2191,JQスタンダード,テラ
453,2193,東証1部,クックパッド
454,2195,JQグロース,アミタホールディングス
455,2196,東証1部,エスクリ
456,2198,東証1部,アイ・ケイ・ケイ
457,2201,東証1部,森永製菓
458,2204,東証1部,中村屋
459,2206,東証1部,江崎グリコ
460,2207,東証1部,名糖産業
461,2208,東証2部,ブルボン
462,2209,東証2部,井村屋グループ
463,2211,東証1部,不二家
464,2212,東証1部,山崎製パン
465,2215,東証1部,第一屋製パン
466,2216,東証2部,カンロ
467,2217,東証1部,モロゾフ
468,2218,札証,日糧製パン
469,2220,東証1部,亀田製菓
470,2221,JQスタンダード,岩塚製菓
471,2222,東証1部,寿スピリッツ
472,2224,JQスタンダード,コモ
473,2226,JQスタンダード,フレンテ
474,2228,JQスタンダード,シベール
475,2229,東証1部,カルビー
476,2230,東証TPM,五洋食品産業
477,2264,東証1部,森永乳業
478,2266,東証1部,六甲バター
479,2267,東証1部,ヤクルト本社
480,2268,JQスタンダード,B-R サーティワン アイスクリーム
481,2269,東証1部,明治ホールディングス
482,2270,東証1部,雪印メグミルク
483,2270,札証,雪印メグミルク
484,2281,東証1部,プリマハム
485,2282,東証1部,日本ハム
486,2284,東証1部,伊藤ハム
487,2286,東証1部,林兼産業
488,2288,東証1部,丸大食品
489,2290,東証1部,米久
490,2291,東証2部,福留ハム
491,2292,東証1部,エスフーズ
492,2293,JQスタンダード,滝沢ハム
493,2294,JQスタンダード,柿安本店
494,2300,JQスタンダード,きょくとう
495,2301,東証1部,学情
496,2303,JQスタンダード,ドーン
497,2304,JQスタンダード,CSSホールディングス
498,2305,東証1部,スタジオアリス
499,2307,JQスタンダード,クロスキャット
500,2309,東証1部,シミックホールディングス
501,2311,JQスタンダード,エプコ
502,2315,JQスタンダード,SJI
503,2317,東証1部,システナ
504,2321,JQグロース,ソフトフロント
505,2322,東証1部,NECフィールディング
506,2323,JQスタンダード,fonfun
507,2325,東証2部,日本上下水道設計
508,2326,東証1部,デジタルアーツ
509,2327,東証1部,新日鉄住金ソリューションズ
510,2329,JQスタンダード,東北新社
511,2330,JQスタンダード,SmartEbook.com
512,2331,東証1部,綜合警備保障
513,2332,JQスタンダード,クエスト
514,2335,東証1部,キューブシステム
515,2337,JQスタンダード,いちごグループホールディングス
516,2338,東証マザーズ,ファステップス
517,2340,JQスタンダード,極楽湯
518,2341,JQスタンダード,アルバイトタイムス
519,2342,東証マザーズ,トランスジェニック
520,2344,JQスタンダード,平安レイサービス
521,2345,東証マザーズ,システム・テクノロジー・アイ
522,2349,JQスタンダード,エヌアイデイ
523,2351,東証マザーズ,ASJ
524,2352,東証マザーズ,エイジア
525,2353,東証1部,日本駐車場開発
526,2354,東証2部,安川情報システム
527,2359,東証1部,コア
528,2362,JQスタンダード,夢真ホールディングス
529,2369,東証マザーズ,メディビックグループ
530,2370,東証マザーズ,メディネット
531,2371,東証1部,カカクコム
532,2372,東証1部,アイロムホールディングス
533,2373,JQスタンダード,ケア21
534,2374,JQスタンダード,セントケア・ホールディング
535,2375,東証マザーズ,スリープログループ
536,2376,JQスタンダード,サイネックス
537,2378,東証1部,ルネサンス
538,2379,東証1部,ディップ
539,2384,東証1部,SBSホールディングス
540,2385,東証マザーズ,総医研ホールディングス
541,2388,JQグロース,ウェッジホールディングス
542,2389,東証1部,オプト
543,2391,JQスタンダード,プラネット
544,2393,東証マザーズ,日本ケアサプライ
545,2395,東証1部,新日本科学
546,2397,東証マザーズ,DNAチップ研究所
547,2398,東証1部,ツクイ
548,2399,東証1部,綜合臨床ホールディングス
549,2400,JQスタンダード,メッセージ
550,2402,東証マザーズ,アマナ
551,2404,東証マザーズ,鉄人化計画
552,2405,東証マザーズ,FUJIKOH
553,2406,JQスタンダード,アルテ サロン ホールディングス
554,2408,JQスタンダード,KG情報
555,2410,東証1部,キャリアデザインセンター
556,2411,JQスタンダード,ゲンダイエージェンシー
557,2412,東証2部,ベネフィット・ワン
558,2413,東証1部,エムスリー
559,2415,JQスタンダード,ヒューマンホールディングス
560,2417,東証2部,ツヴァイ
561,2418,東証1部,ベストブライダル
562,2425,JQグロース,ケアサービス
563,2427,東証1部,アウトソーシング
564,2428,東証2部,ウェルネット
565,2429,JQスタンダード,ワールドインテック
566,2432,東証1部,ディー・エヌ・エー
567,2433,東証1部,博報堂DYホールディングス
568,2434,JQスタンダード,丸誠
569,2435,JQスタンダード,シダー
570,2436,JQスタンダード,共同ピーアール
571,2437,JQスタンダード,シンワアートオークション
572,2438,東証マザーズ,アスカネット
573,2440,東証1部,ぐるなび
574,2445,東証2部,エスアールジータカミヤ
575,2449,JQスタンダード,プラップジャパン
576,2450,東証1部,一休
577,2453,東証1部,ジャパンベストレスキューシステム
578,2454,JQスタンダード,オールアバウト
579,2458,JQスタンダード,夢テクノロジー
580,2459,東証マザーズ,アウンコンサルティング
581,2461,東証1部,ファンコミュニケーションズ
582,2462,東証1部,ジェイコムホールディングス
583,2464,東証マザーズ,ビジネス・ブレークスルー
584,2466,東証1部,PGMホールディングス
585,2468,東証マザーズ,フュートレック
586,2469,JQスタンダード,ヒビノ
587,2471,JQスタンダード,エスプール
588,2475,東証1部,WDBホールディングス
589,2477,東証マザーズ,比較.com
590,2479,JQグロース,ジェイテック
591,2480,JQスタンダード,システム・ロケーション
592,2481,JQスタンダード,タウンニュース社
593,2483,JQスタンダード,翻訳センター
594,2484,JQスタンダード,夢の街創造委員会
595,2485,東証1部,ティア
596,2487,JQスタンダード,CDG
597,2488,JQスタンダード,日本サード・パーティ
598,2489,東証マザーズ,アドウェイズ
599,2491,東証1部,バリューコマース
600,2492,東証マザーズ,インフォマート
601,2493,JQスタンダード,イーサポートリンク
602,2497,東証マザーズ,ユナイテッド
603,2498,JQスタンダード,ACKグループ
604,2499,東証2部,日本和装ホールディングス
605,2501,東証1部,サッポロホールディングス
606,2501,札証,サッポロホールディングス
607,2502,東証1部,アサヒグループホールディングス
608,2503,東証1部,キリンホールディングス
609,2503,福証,キリンホールディングス
610,2503,札証,キリンホールディングス
611,2531,東証1部,宝ホールディングス
612,2533,東証1部,オエノンホールディングス
613,2538,東証2部,ジャパン・フード&リカー・アライアンス
614,2540,東証1部,養命酒製造
615,2573,東証2部,北海道コカ・コーラボトリング
616,2573,札証,北海道コカ・コーラボトリング
617,2579,東証1部,コカ・コーラウエスト
618,2579,福証,コカ・コーラウエスト
619,2580,東証1部,コカ・コーライーストジャパン
620,2587,東証1部,サントリー食品インターナショナル
621,2588,東証2部,ウォーターダイレクト
622,2590,東証1部,ダイドードリンコ
623,2593,東証1部,伊藤園
624,25935,東証1部,伊藤園 第1種  優先
625,2594,東証1部,キーコーヒー
626,2597,東証1部,ユニカフェ
627,2599,東証1部,ジャパンフーズ
628,2602,東証1部,日清オイリオグループ
629,2607,東証1部,不二製油
630,2608,東証2部,ボーソー油脂
631,2611,東証2部,攝津製油
632,2612,東証1部,かどや製油
633,2613,東証1部,J-オイルミルズ
634,2651,東証1部,ローソン
635,2652,東証マザーズ,まんだらけ
636,2653,JQスタンダード,イオン九州
637,2654,東証2部,アスモ
638,2655,東証2部,マックスバリュ東北
639,2656,JQスタンダード,ベクター
640,2658,JQスタンダード,ウライ
641,2659,東証1部,サンエー
642,2660,東証1部,キリン堂
643,2662,東証1部,ダイユーエイト
644,2664,東証1部,カワチ薬品
645,2665,東証2部,三井情報
646,2666,JQスタンダード,オートウェーブ
647,2667,JQスタンダード,イメージ ワン
648,2668,東証2部,タビオ
649,2669,JQスタンダード,カネ美食品
650,2670,東証1部,エービーシー・マート
651,2673,JQスタンダード,夢みつけ隊
652,2674,東証1部,ハードオフコーポレーション
653,2675,東証2部,ダイナック
654,2676,東証1部,高千穂交易
655,2678,東証1部,アスクル
656,2681,東証1部,ゲオホールディングス
657,2683,東証2部,魚喜
658,2685,東証1部,アダストリアホールディングス
659,2687,東証1部,シー・ヴイ・エス・ベイエリア
660,2689,東証2部,カワニシホールディングス
661,2692,東証1部,伊藤忠食品
662,2693,JQスタンダード,YKT
663,2694,JQスタンダード,ジー・テイスト
664,2695,東証1部,くらコーポレーション
665,2698,東証1部,キャンドゥ
666,2700,JQスタンダード,木徳神糧
667,2702,JQスタンダード,日本マクドナルドホールディングス
668,2703,JQスタンダード,日本ライトン
669,2705,JQスタンダード,大戸屋ホールディングス
670,2706,JQスタンダード,ブロッコリー
671,2708,JQスタンダード,久世
672,2710,JQスタンダード,シーエスロジネット
673,2712,JQスタンダード,スターバックス コーヒー ジャパン
674,2714,JQスタンダード,プラマテルズ
675,2715,東証1部,エレマテック
676,2719,東証2部,キタムラ
677,2721,JQスタンダード,ジェイホールディングス
678,2722,JQスタンダード,アイケイ
679,2724,JQグロース,インスパイアー
680,2726,東証1部,パル
681,2729,東証1部,JALUX
682,2730,東証1部,エディオン
683,2733,東証1部,あらた
684,2734,東証1部,サーラコーポレーション
685,2735,東証1部,ワッツ
686,2736,JQスタンダード,サダマツ
687,2737,東証1部,トーメンデバイス
688,2742,JQスタンダード,ハローズ
689,2743,JQスタンダード,ハイブリッド・サービス
690,2747,JQスタンダード,北雄ラッキー
691,2749,東証1部,JPホールディングス
692,2750,JQスタンダード,石光商事
693,2751,JQスタンダード,テンポスバスターズ
694,2752,JQスタンダード,フジオフードシステム
695,2753,東証1部,あみやき亭
696,2754,JQスタンダード,東葛ホールディングス
697,2759,JQスタンダード,アイフラッグ
698,2760,東証1部,東京エレクトロン デバイス
699,2761,JQスタンダード,トシン・グループ
700,2762,東証2部,三光マーケティングフーズ
701,2763,JQスタンダード,エフティコミュニケーションズ
702,2764,東証1部,ひらまつ
703,2766,東証マザーズ,日本風力開発
704,2767,JQスタンダード,フィールズ
705,2768,東証1部,双日
706,2769,JQスタンダード,ヴィレッジヴァンガードコーポレーション
707,2772,東証1部,ゲンキー
708,2773,JQスタンダード,ミューチュアル
709,2776,JQスタンダード,クリムゾン
710,2777,JQスタンダード,カッシーナ・イクスシー
711,2778,JQスタンダード,パレモ
712,2780,東証2部,コメ兵
713,2782,JQスタンダード,セリア
714,2784,東証1部,アルフレッサ ホールディングス
715,2786,東証2部,サッポロドラッグストアー
716,2786,札証,サッポロドラッグストアー
717,2788,東証マザーズ,アップルインターナショナル
718,2789,JQスタンダード,カルラ
719,2790,JQスタンダード,ナフコ
720,2791,東証1部,大黒天物産
721,2792,東証1部,ハニーズ
722,2795,JQスタンダード,日本プリメックス
723,2796,東証2部,ファーマライズホールディングス
724,2798,東証マザーズ,ワイズテーブルコーポレーション
725,2799,JQスタンダード,パイオン
726,2801,東証1部,キッコーマン
727,2802,東証1部,味の素
728,2804,東証2部,ブルドックソース
729,2805,東証2部,エスビー食品
730,2806,東証2部,ユタカフーズ
731,2809,東証1部,キユーピー
732,2810,東証1部,ハウス食品グループ本社
733,2811,東証1部,カゴメ
734,2812,東証1部,焼津水産化学工業
735,2813,JQスタンダード,和弘食品
736,2814,JQスタンダード,佐藤食品工業
737,2815,東証1部,アリアケジャパン
738,2816,東証2部,ダイショー
739,2817,JQスタンダード,ギャバン
740,2818,東証2部,ピエトロ
741,2819,東証2部,エバラ食品工業
742,2830,東証2部,アヲハタ
743,2831,東証2部,はごろもフーズ
744,2871,東証1部,ニチレイ
745,2872,東証2部,セイヒョー
746,2874,東証1部,横浜冷凍
747,2875,東証1部,東洋水産
748,2876,JQスタンダード,ジェーシー・コムサ
749,2877,JQスタンダード,日東ベスト
750,2882,東証1部,イートアンド
751,2892,東証2部,日本食品化工
752,2894,東証2部,石井食品
753,2897,東証1部,日清食品ホールディングス
754,2899,東証1部,永谷園
755,2901,JQスタンダード,石垣食品
756,2903,東証2部,シノブフーズ
757,2904,東証2部,一正蒲鉾
758,2905,JQスタンダード,オーケー食品工業
759,2907,東証2部,あじかん
760,2908,東証1部,フジッコ
761,2910,東証1部,ロック・フィールド
762,2911,東証2部,旭松食品
763,2914,東証1部,日本たばこ産業
764,2915,東証1部,ケンコーマヨネーズ
765,2916,JQスタンダード,仙波糖化工業
766,2917,JQスタンダード,大森屋
767,2918,東証1部,わらべや日洋
768,2919,福証,マルタイ
769,2922,東証1部,なとり
770,2923,東証2部,佐藤食品工業
771,2924,東証2部,イフジ産業
772,2924,福証,イフジ産業
773,2925,JQスタンダード,ピックルスコーポレーション
774,2926,東証マザーズ,篠崎屋
775,2927,JQスタンダード,AFC-HDアムスライフサイエンス
776,2928,札証アンビシャス,健康コーポレーション
777,2929,東証マザーズ,ファーマフーズ
778,2930,札証,北の達人コーポレーション
779,2931,東証マザーズ,ユーグレナ
780,3001,東証1部,片倉工業
781,3002,東証1部,グンゼ
782,3003,東証1部,ヒューリック
783,3004,東証1部,神栄
784,3010,東証2部,価値開発
785,3011,東証2部,バナーズ
786,3020,JQスタンダード,アプライド
787,3021,東証マザーズ,パシフィックネット
788,3022,東証1部,山下医科器械
789,3023,東証1部,ラサ商事
790,3024,JQスタンダード,クリエイト
791,3027,JQスタンダード,レデイ薬局
792,3028,東証1部,アルペン
793,3030,JQスタンダード,ハブ
794,3031,東証マザーズ,ラクーン
795,3034,東証1部,クオール
796,3035,JQスタンダード,ケイティケイ
797,3036,東証1部,アルコニックス
798,3038,東証1部,神戸物産
799,3039,東証TPM,碧
800,3040,JQスタンダード,ソリトンシステムズ
801,3041,東証マザーズ,ビューティ花壇
802,3042,JQグロース,セキュアヴェイル
803,3043,JQグロース,モジュレ
804,3045,東証2部,カワサキ
805,3046,東証1部,ジェイアイエヌ
806,3047,福証Q-Board,TRUCK-ONE
807,3048,東証1部,ビックカメラ
808,3050,東証1部,DCMホールディングス
809,3053,東証マザーズ,ペッパーフードサービス
810,3054,JQスタンダード,ハイパー
811,3055,札証,ほくやく・竹山ホールディングス
812,3058,JQスタンダード,三洋堂ホールディングス
813,3059,東証2部,ヒラキ
814,3063,東証マザーズ,ジェイグループホールディングス
815,3064,東証1部,MonotaRO
816,3065,JQスタンダード,ライフフーズ
817,3067,東証マザーズ,東京一番フーズ
818,3068,JQスタンダード,WDI
819,3069,JQスタンダード,アスラポート・ダイニング
820,3070,JQグロース,アマガサ
821,3071,東証マザーズ,ストリーム
822,3073,JQスタンダード,ダイヤモンドダイニング
823,3075,JQスタンダード,銚子丸
824,3076,東証1部,あい ホールディングス
825,3077,JQスタンダード,ホリイフードサービス
826,3079,東証2部,ディーブイエックス
827,3080,JQスタンダード,ジェーソン
828,3082,東証1部,きちり
829,3083,JQスタンダード,シーズメン
830,3085,東証1部,アークランドサービス
831,3086,東証1部,J.フロント リテイリング
832,3087,東証1部,ドトール・日レスホールディングス
833,3088,東証1部,マツモトキヨシホールディングス
834,3089,JQスタンダード,テクノアルファ
835,3090,JQグロース,ミネルヴァ・ホールディングス
836,3091,東証1部,ブロンコビリー
837,3092,東証1部,スタートトゥデイ
838,3093,東証マザーズ,トレジャー・ファクトリー
839,3094,JQスタンダード,スーパーバリュー
840,3096,JQスタンダード,オーシャンシステム
841,3097,東証1部,物語コーポレーション
842,3098,東証1部,ココカラファイン
843,3099,東証1部,三越伊勢丹ホールディングス
844,3099,福証,三越伊勢丹ホールディングス
845,3101,東証1部,東洋紡
846,3103,東証1部,ユニチカ
847,3104,東証1部,富士紡ホールディングス
848,3105,東証1部,日清紡ホールディングス
849,3105,福証,日清紡ホールディングス
850,3105,札証,日清紡ホールディングス
851,3106,東証1部,倉敷紡績
852,3107,東証1部,ダイワボウホールディングス
853,3109,東証1部,シキボウ
854,3110,東証1部,日東紡績
855,3111,東証2部,オーミケンシ
856,3113,東証2部,Oak キャピタル
857,3116,東証1部,トヨタ紡織
858,3121,東証2部,マーチャント・バンカーズ
859,3123,東証2部,サイボー
860,3125,東証2部,新内外綿
861,3140,JQグロース,イデアインターナショナル
862,3141,東証1部,ウエルシアホールディングス
863,3143,東証2部,オーウイル
864,3147,JQスタンダード,リックコーポレーション
865,3148,東証1部,クリエイトSDホールディングス
866,3150,JQスタンダード,グリムス
867,3151,東証1部,バイタルケーエスケー・ホールディングス
868,3153,東証1部,八洲電機
869,3154,JQスタンダード,メディアスホールディングス
870,3156,東証1部,UKCホールディングス
871,3157,JQスタンダード,ジューテックホールディングス
872,3159,東証1部,丸善CHIホールディングス
873,3160,東証2部,大光
874,3161,東証2部,アゼアス
875,3165,JQスタンダード,フーマイスターエレクトロニクス
876,3166,東証2部,OCHIホールディングス
877,3166,福証,OCHIホールディングス
878,3167,東証1部,TOKAIホールディングス
879,3168,東証2部,クロタニコーポレーション
880,3169,東証マザーズ,ミサワ
881,3170,JQスタンダード,アイセイ薬局
882,3171,JQスタンダード,マックスバリュ九州
883,3172,JQスタンダード,ティーライフ
884,3173,JQスタンダード,大阪工機
885,3174,JQスタンダード,ハピネス・アンド・ディ
886,3175,東証1部,エー・ピーカンパニー
887,3176,東証1部,三洋貿易
888,3177,JQスタンダード,ありがとうサービス
889,3178,東証1部,チムニー
890,3179,東証マザーズ,シュッピン
891,3180,東証マザーズ,ビューティガレージ
892,3181,JQスタンダード,買取王国
893,3182,東証マザーズ,オイシックス
894,3183,東証2部,ウイン・パートナーズ
895,3184,東証2部,ICDAホールディングス
896,3185,東証マザーズ,夢展望
897,3186,東証マザーズ,ネクステージ
898,3187,東証マザーズ,サンワカンパニー
899,3188,東証TPM,エコグリーン
900,3189,JQスタンダード,ANAP
901,3190,JQスタンダード,ホットマン
902,3191,東証1部,ジョイフル本田
903,3192,JQスタンダード,白鳩
904,3201,東証1部,日本毛織
905,3202,東証1部,大東紡織
906,3204,東証1部,トーア紡コーポレーション
907,3205,東証1部,ダイドーリミテッド
908,3209,東証2部,カネヨウ
909,3225,東証1部,東京建物不動産販売
910,3226,東証,日本アコモデーションファンド投資法人 投資証券
911,3227,東証,MIDリート投資法人 投資証券
912,3228,東証1部,三栄建築設計
913,3230,JQスタンダード,スター・マイカ
914,3231,東証1部,野村不動産ホールディングス
915,3234,東証,森ヒルズリート投資法人 投資証券
916,3236,JQスタンダード,プロパスト
917,3237,東証マザーズ,イントランス
918,3238,東証2部,セントラル総合開発
919,3240,東証,野村不動産レジデンシャル投資法人 投資証券
920,3241,JQスタンダード,ウィル
921,3242,JQスタンダード,アーバネットコーポレーション
922,3244,JQスタンダード,サムティ
923,3245,東証マザーズ,ディア・ライフ
924,3246,JQスタンダード,コーセーアールイー
925,3246,福証,コーセーアールイー
926,3248,東証マザーズ,アールエイジ
927,3249,東証,産業ファンド投資法人 投資証券
928,3250,JQスタンダード,エー・ディー・ワークス
929,3251,東証マザーズ,駐車場綜合研究所
930,3254,東証1部,プレサンスコーポレーション
931,3258,東証1部,常和ホールディングス
932,3261,福証Q-Board,グランディーズ
933,3263,東証,大和ハウスリート投資法人 投資証券
934,3264,JQスタンダード,アスコット
935,3266,JQスタンダード,ファンドクリエーショングループ
936,3269,東証,アドバンス・レジデンス投資法人 投資証券
937,3271,東証2部,THEグローバル社
938,3275,JQスタンダード,ハウスコム
939,3276,東証2部,日本管理センター
940,3277,東証2部,サンセイランディック
941,3278,東証,ケネディクス・レジデンシャル投資法人 投資証券
942,3279,東証,アクティビア・プロパティーズ投資法人 投資証券
943,3280,東証マザーズ,エストラスト
944,3281,東証,GLP投資法人 投資証券
945,3282,東証,コンフォリア・レジデンシャル投資法人 投資証券
946,3283,東証,日本プロロジスリート投資法人 投資証券
947,3284,東証1部,フージャースホールディングス
948,3285,東証,野村不動産マスターファンド投資法人 投資証券
949,3286,東証マザーズ,トラストホールディングス
950,3286,福証Q-Board,トラストホールディングス
951,3287,東証,星野リゾート・リート投資法人 投資証券
952,3288,東証1部,オープンハウス
953,3289,東証1部,東急不動産ホールディングス
954,3290,東証,SIA不動産投資法人 投資証券
955,3291,東証1部,飯田グループホールディングス
956,3292,東証,イオンリート投資法人 投資証券
957,3293,JQスタンダード,アズマハウス
958,3294,JQスタンダード,イーグランド
959,3295,東証,ヒューリックリート投資法人 投資証券
960,3296,東証,日本リート投資法人 投資証券
961,3297,JQスタンダード,東武住販
962,3297,福証Q-Board,東武住販
963,3298,東証,インベスコ・オフィス・ジェイリート投資法人 投資証券
964,3299,東証マザーズ,ムゲンエステート
965,3302,東証1部,帝国繊維
966,3306,東証2部,日本製麻
967,3313,東証1部,ブックオフコーポレーション
968,3315,東証1部,日本コークス工業
969,3316,JQスタンダード,東京日産コンピュータシステム
970,3317,JQスタンダード,フライングガーデン
971,3318,JQスタンダード,メガネスーパー
972,3319,東証マザーズ,ゴルフダイジェスト・オンライン
973,3320,東証2部,クロスプラス
974,3321,東証1部,ミタチ産業
975,3322,JQスタンダード,アルファグループ
976,3323,JQスタンダード,レカム
977,3325,東証マザーズ,ケンコーコム
978,3326,JQスタンダード,ランシステム
979,3328,東証マザーズ,ネットプライスドットコム
980,3329,JQスタンダード,東和フードサービス
981,3331,JQスタンダード,雑貨屋ブルドッグ
982,3333,東証1部,あさひ
983,3341,東証1部,日本調剤
984,3344,JQスタンダード,ワンダーコーポレーション
985,3347,東証マザーズ,トラスト
986,3349,東証1部,コスモス薬品
987,3350,JQスタンダード,レッド・プラネット・ジャパン
988,3352,JQスタンダード,バッファロー
989,3353,JQスタンダード,メディカル一光
990,3355,東証2部,クリヤマホールディングス
991,3356,JQスタンダード,テリロジー
992,3358,JQスタンダード,ワイエスフード
993,3359,東証マザーズ,タイセイ
994,3359,福証Q-Board,タイセイ
995,3360,東証1部,シップヘルスケアホールディングス
996,3361,東証1部,トーエル
997,3366,東証1部,一六堂
998,3370,JQスタンダード,フジタコーポレーション
999,3371,東証1部,ソフトクリエイトホールディングス
1000,3372,東証マザーズ,関門海
1001,3374,JQスタンダード,内外テック
1002,3375,JQスタンダード,ZOA
1003,3376,JQスタンダード,オンリー
1004,3377,東証2部,バイク王&カンパニー
1005,3382,東証1部,セブン&アイ・ホールディングス
1006,3385,東証2部,薬王堂
1007,3386,JQスタンダード,コスモ・バイオ
1008,3387,東証1部,クリエイト・レストランツ・ホールディングス
1009,3388,東証2部,明治電機工業
1010,3390,JQスタンダード,ユニバーサルソリューションシステムズ
1011,3391,東証1部,ツルハホールディングス
1012,3392,東証2部,デリカフーズ
1013,3393,東証1部,スターティア
1014,3394,東証マザーズ,ネットワークバリューコンポネンツ
1015,3395,東証1部,サンマルクホールディングス
1016,3396,東証1部,フェリシモ
1017,3397,東証1部,トリドール
1018,3398,東証1部,クスリのアオキ
1019,3399,JQスタンダード,丸千代山岡家
1020,3401,東証1部,帝人
1021,3402,東証1部,東レ
1022,3405,東証1部,クラレ
1023,3407,東証1部,旭化成
1024,3408,東証1部,サカイオーベックス
1025,3409,東証2部,北日本紡績
1026,3420,東証2部,ケー・エフ・シー
1027,3421,東証1部,稲葉製作所
1028,3423,JQスタンダード,エスイー
1029,3424,JQスタンダード,ミヤコ
1030,3426,JQスタンダード,アトムリビンテック
1031,3431,東証1部,宮地エンジニアリンググループ
1032,3433,東証1部,トーカロ
1033,3434,東証1部,アルファCo
1034,3435,JQスタンダード,サンコーテクノ
1035,3436,東証1部,SUMCO
1036,3437,JQスタンダード,特殊電極
1037,3439,JQスタンダード,三ツ知
1038,3440,福証Q-Board,日創プロニティ
1039,3441,JQスタンダード,山王
1040,3443,東証1部,川田テクノロジーズ
1041,3444,JQスタンダード,菊池製作所
1042,3501,東証1部,住江織物
1043,3512,東証1部,日本フエルト
1044,3513,東証1部,イチカワ
1045,3514,東証1部,日本バイリーン
1046,3515,JQスタンダード,フジコー
1047,3521,東証1部,エコナックホールディングス
1048,3524,東証1部,日東製網
1049,3526,東証1部,芦森工業
1050,3528,東証2部,グローベルス
1051,3529,東証1部,アツギ
1052,3551,東証1部,ダイニック
1053,3553,東証1部,共和レザー
1054,3569,東証1部,セーレン
1055,3571,東証2部,ソトー
1056,3577,東証1部,東海染工
1057,3578,東証2部,倉庫精練
1058,3580,東証1部,小松精練
1059,3583,東証2部,オーベクス
1060,3587,JQスタンダード,プリンシバル・コーポレーション
1061,3591,東証1部,ワコールホールディングス
1062,3593,東証1部,ホギメディカル
1063,3597,東証2部,自重堂
1064,3598,東証2部,山喜
1065,3599,JQスタンダード,コーコス信岡
1066,3600,東証2部,フジックス
1067,3604,東証2部,川本産業
1068,3606,東証1部,レナウン
1069,3607,東証1部,クラウディア
1070,3608,東証1部,TSIホールディングス
1071,3622,東証マザーズ,ネットイヤーグループ
1072,3623,東証マザーズ,ビリングシステム
1073,3624,東証マザーズ,アクセルマーク
1074,3625,JQグロース,テックファーム
1075,3626,東証1部,ITホールディングス
1076,3627,東証1部,ネオス
1077,3628,東証マザーズ,データホライゾン
1078,3630,東証1部,電算システム
1079,3632,東証1部,グリー
1080,3633,JQスタンダード,GMOペパボ
1081,3634,東証マザーズ,ソケッツ
1082,3635,東証1部,コーエーテクモホールディングス
1083,3636,東証1部,三菱総合研究所
1084,3639,東証1部,ボルテージ
1085,3640,東証1部,電算
1086,3641,JQスタンダード,パピレス
1087,3645,東証マザーズ,日本メディカルネットコミュニケーションズ
1088,3646,東証マザーズ,駅探
1089,3647,東証マザーズ,コネクトホールディングス
1090,3648,東証1部,AGS
1091,3649,JQスタンダード,ピーエスシー
1092,3652,東証マザーズ,ディジタルメディアプロフェッショナル
1093,3653,東証マザーズ,モルフォ
1094,3654,東証1部,ヒト・コミュニケーションズ
1095,3655,東証1部,ブレインパッド
1096,3656,東証1部,KLab
1097,3657,東証1部,ポールトゥウィン・ピットクルーホールディングス
1098,3658,東証1部,イーブックイニシアティブジャパン
1099,3659,東証1部,ネクソン
1100,3660,東証1部,アイスタイル
1101,3661,東証1部,エムアップ
1102,3662,東証1部,エイチーム
1103,3663,東証2部,アートスパークホールディングス
1104,3664,東証マザーズ,モブキャスト
1105,3665,東証マザーズ,エニグモ
1106,3666,JQスタンダード,テクノスジャパン
1107,3667,東証1部,enish
1108,3668,東証1部,コロプラ
1109,3669,東証1部,モバイルクリエイト
1110,3669,福証,モバイルクリエイト
1111,3670,JQスタンダード,協立情報通信
1112,3671,東証マザーズ,ソフトマックス
1113,3672,東証1部,オルトプラス
1114,3673,東証1部,ブロードリーフ
1115,3674,東証マザーズ,オークファン
1116,3675,東証マザーズ,クロス・マーケティンググループ
1117,3676,東証1部,ハーツユナイテッドグループ
1118,3677,JQスタンダード,システム情報
1119,3678,東証マザーズ,メディアドゥ
1120,3679,東証マザーズ,じげん
1121,3680,東証マザーズ,ホットリンク
1122,3681,東証マザーズ,ブイキューブ
1123,3682,東証マザーズ,エンカレッジ・テクノロジ
1124,3683,JQスタンダード,サイバーリンクス
1125,3685,東証マザーズ,みんなのウェディング
1126,3686,東証マザーズ,ディー・エル・イー
1127,3687,東証マザーズ,フィックスターズ
1128,3708,東証1部,特種東海製紙
1129,3710,JQスタンダード,ジョルダン
1130,3711,JQスタンダード,創通
1131,3712,東証マザーズ,情報企画
1132,3715,東証1部,ドワンゴ
1133,3719,JQスタンダード,ジェクシード
1134,3723,東証マザーズ,日本ファルコム
1135,3724,東証1部,ベリサーブ
1136,3726,東証マザーズ,フェヴリナホールディングス
1137,3727,東証マザーズ,アプリックスIPホールディングス
1138,3731,東証マザーズ,京王ズホールディングス
1139,3733,JQスタンダード,ソフトウェア・サービス
1140,3734,東証マザーズ,インテア・ホールディングス
1141,3738,東証1部,ティーガイア
1142,3741,JQスタンダード,セック
1143,3742,東証マザーズ,ITbook
1144,3744,東証マザーズ,サイオステクノロジー
1145,3747,東証マザーズ,インタートレード
1146,3750,東証2部,セブンシーズホールディングス
1147,3751,東証マザーズ,日本アジアグループ
1148,3753,東証マザーズ,フライトホールディングス
1149,3754,JQスタンダード,エキサイト
1150,3756,東証1部,豆蔵ホールディングス
1151,3758,JQスタンダード,アエリア
1152,3760,JQスタンダード,ケイブ
1153,3762,東証1部,テクマトリックス
1154,3763,JQスタンダード,プロシップ
1155,3765,JQスタンダード,ガンホー・オンライン・エンターテイメント
1156,3766,JQスタンダード,システムズ・デザイン
1157,3768,JQスタンダード,リスクモンスター
1158,3769,東証1部,GMOペイメントゲートウェイ
1159,3770,東証1部,ザッパラス
1160,3771,JQスタンダード,システムリサーチ
1161,3772,東証マザーズ,ドリームバイザー・ホールディングス
1162,3773,東証マザーズ,アドバンスト・メディア
1163,3774,東証1部,インターネットイニシアティブ
1164,3776,JQスタンダード,ブロードバンドタワー
1165,3777,JQグロース,ジオネクスト
1166,3778,東証マザーズ,さくらインターネット
1167,3779,JQスタンダード,ジェイ・エスコムホールディングス
1168,3782,東証マザーズ,ディー・ディー・エス
1169,3784,JQスタンダード,ヴィンクス
1170,3785,東証マザーズ,エイティング
1171,3787,東証マザーズ,テクノマセマティカル
1172,3788,東証マザーズ,GMOクラウド
1173,3790,JQスタンダード,日本オフィス・システム
1174,3791,JQスタンダード,IGポート
1175,3793,東証マザーズ,ドリコム
1176,3794,東証2部,エヌ・デーソフトウェア
1177,3796,東証マザーズ,いい生活
1178,3798,JQスタンダード,ULSグループ
1179,3799,東証2部,キーウェアソリューションズ
1180,3800,JQスタンダード,ビーエスピー
1181,3802,札証アンビシャス,エコミック
1182,3803,JQグロース,イメージ情報開発
1183,3804,JQスタンダード,システム ディ
1184,3807,JQグロース,フィスコ
1185,3810,東証マザーズ,サイバーステップ
1186,3811,東証1部,ビットアイル
1187,3814,JQグロース,アルファクス・フード・システム
1188,3815,東証マザーズ,メディア工房
1189,3816,JQスタンダード,大和コンピューター
1190,3817,東証1部,SRAホールディングス
1191,3822,JQスタンダード,Minoriソリューションズ
1192,3823,東証マザーズ,アクロディア
1193,3824,福証Q-Board,メディアファイブ
1194,3825,東証マザーズ,リミックスポイント
1195,3826,東証1部,システムインテグレータ
1196,3827,東証マザーズ外国,ジャパンインベスト・グループ・ピー・エル・シー
1197,3828,東証2部,ニフティ
1198,3831,東証1部,パイプドビッツ
1199,3832,JQグロース,T&Cホールディングス
1200,3834,東証1部,朝日ネット
1201,3835,JQスタンダード,eBASE
1202,3836,JQグロース,アバント
1203,3837,JQスタンダード,アドソル日進
1204,3839,JQスタンダード,ODKソリューションズ
1205,3840,東証マザーズ,イー・キャッシュ
1206,3841,JQスタンダード,ジーダット
1207,3842,JQグロース,ネクストジェン
1208,3843,東証マザーズ,フリービット
1209,3844,東証1部,コムチュア
1210,3845,JQスタンダード,アイフリークホールディングス
1211,3847,JQスタンダード,パシフィックシステム
1212,3848,JQスタンダード,データ・アプリケーション
1213,3849,札証アンビシャス,日本テクノ・ラボ
1214,3850,東証マザーズ,エヌ・ティ・ティ・データ・イントラマート
1215,3851,JQスタンダード,日本一ソフトウェア
1216,3852,JQスタンダード,サイバーコム
1217,3853,東証マザーズ,インフォテリア
1218,3854,JQグロース,アイル
1219,3856,東証マザーズ,リアルコム
1220,3857,JQスタンダード,ラック
1221,3858,JQスタンダード,ユビキタス
1222,3859,JQスタンダード,シナジーマーケティング
1223,3861,東証1部,王子ホールディングス
1224,3863,東証1部,日本製紙
1225,3864,東証1部,三菱製紙
1226,3865,東証1部,北越紀州製紙
1227,3877,東証1部,中越パルプ工業
1228,3878,東証1部,巴川製紙所
1229,3880,東証1部,大王製紙
1230,3891,JQスタンダード,ニッポン高度紙工業
1231,3892,JQスタンダード,岡山製紙
1232,3895,JQスタンダード,ハビックス
1233,3896,東証2部,阿波製紙
1234,3941,東証1部,レンゴー
1235,3943,福証,大石産業
1236,3944,東証2部,古林紙工
1237,3945,東証2部,スーパーバッグ
1238,3946,東証1部,トーモク
1239,3946,札証,トーモク
1240,3947,東証2部,ダイナパック
1241,3948,JQスタンダード,光ビジネスフォーム
1242,3950,東証1部,ザ・パック
1243,3951,東証2部,朝日印刷
1244,3953,JQスタンダード,大村紙業
1245,3954,JQスタンダード,昭和パックス
1246,3955,東証2部,イムラ封筒
1247,3956,JQスタンダード,国際チャート
1248,4003,東証1部,コープケミカル
1249,4004,東証1部,昭和電工
1250,4005,東証1部,住友化学
1251,4007,東証1部,日本化成
1252,4008,東証1部,住友精化
1253,4021,東証1部,日産化学工業
1254,4022,東証1部,ラサ工業
1255,4023,東証1部,クレハ
1256,4025,東証1部,多木化学
1257,4026,東証2部,神島化学工業
1258,4027,東証1部,テイカ
1259,4028,東証1部,石原産業
1260,4031,東証1部,片倉チッカリン
1261,4033,東証2部,日東エフシー
1262,4041,東証1部,日本曹達
1263,4042,東証1部,東ソー
1264,4043,東証1部,トクヤマ
1265,4044,東証1部,セントラル硝子
1266,4045,東証1部,東亞合成
1267,4046,東証1部,ダイソー
1268,4047,東証1部,関東電化工業
1269,4061,東証1部,電気化学工業
1270,4062,東証1部,イビデン
1271,4063,東証1部,信越化学工業
1272,4064,東証1部,日本カーバイド工業
1273,4078,東証1部,堺化学工業
1274,4080,JQスタンダード,田中化学研究所
1275,4082,東証2部,第一稀元素化学工業
1276,4088,東証1部,エア・ウォーター
1277,4088,札証,エア・ウォーター
1278,4091,東証1部,大陽日酸
1279,4092,東証1部,日本化学工業
1280,4093,東証2部,東邦アセチレン
1281,4094,東証2部,日本化学産業
1282,4095,東証1部,日本パーカライジング
1283,4097,東証1部,高圧ガス工業
1284,4098,東証1部,チタン工業
1285,4099,東証1部,四国化成工業
1286,4100,東証1部,戸田工業
1287,4102,東証2部,丸尾カルシウム
1288,4107,東証2部,伊勢化学工業
1289,4109,東証1部,ステラ ケミファ
1290,4112,東証1部,保土谷化学工業
1291,4113,東証2部,田岡化学工業
1292,4114,東証1部,日本触媒
1293,4115,東証2部,本州化学工業
1294,4116,東証1部,大日精化工業
1295,4117,東証2部,川崎化成工業
1296,4118,東証1部,カネカ
1297,4119,東証2部,日本ピグメント
1298,4120,東証2部,スガイ化学工業
1299,4151,東証1部,協和発酵キリン
1300,4182,東証1部,三菱瓦斯化学
1301,4183,東証1部,三井化学
1302,4185,東証1部,JSR
1303,4186,東証1部,東京応化工業
1304,4187,東証1部,大阪有機化学工業
1305,4188,東証1部,三菱ケミカルホールディングス
1306,4201,東証1部,日本合成化学工業
1307,4202,東証1部,ダイセル
1308,4203,東証1部,住友ベークライト
1309,4204,東証1部,積水化学工業
1310,4205,東証1部,日本ゼオン
1311,4206,東証1部,アイカ工業
1312,4208,東証1部,宇部興産
1313,4208,福証,宇部興産
1314,4212,東証1部,積水樹脂
1315,4215,東証1部,タキロン
1316,4216,東証1部,旭有機材工業
1317,4217,東証1部,日立化成
1318,4218,東証1部,ニチバン
1319,4220,東証1部,リケンテクノス
1320,4221,東証1部,大倉工業
1321,4222,東証2部,児玉化学工業
1322,4224,東証2部,ロンシール工業
1323,4228,東証1部,積水化成品工業
1324,4229,東証1部,群栄化学工業
1325,4231,東証1部,タイガースポリマー
1326,4234,JQスタンダード,サンエー化研
1327,4235,JQスタンダード,第一化成
1328,4237,JQスタンダード,フジプレアム
1329,4238,東証1部,ミライアル
1330,4239,JQスタンダード,ポラテクノ
1331,4240,JQグロース,クラスターテクノロジー
1332,4241,JQスタンダード,アテクト
1333,4242,JQスタンダード,タカギセイコー
1334,4243,JQスタンダード,ニックス
1335,4245,東証2部,ダイキアクシス
1336,4246,東証1部,ダイキョーニシカワ
1337,4272,東証1部,日本化薬
1338,4274,JQスタンダード,細谷火工
1339,4275,東証1部,カーリットホールディングス
1340,4281,JQスタンダード,デジタル・アドバタイジング・コンソーシアム
1341,4282,東証1部,イーピーエス
1342,4283,東証1部,パナソニック インフォメーションシステムズ
1343,4284,JQスタンダード,ソルクシーズ
1344,4286,JQスタンダード,レッグス
1345,4287,JQスタンダード,ジャストプランニング
1346,4288,JQスタンダード,アズジェント
1347,4290,東証1部,プレステージ・インターナショナル
1348,4291,東証2部,JIEC
1349,4293,JQスタンダード,セプテーニ・ホールディングス
1350,4295,東証1部,フェイス
1351,4298,JQスタンダード,プロトコーポレーション
1352,4299,東証2部,ハイマックス
1353,4301,東証1部,アミューズ
1354,4304,JQスタンダード,Eストアー
1355,4307,東証1部,野村総合研究所
1356,4308,東証マザーズ,Jストリーム
1357,4310,東証1部,ドリームインキュベータ
1358,4312,東証1部,サイバネットシステム
1359,4316,JQグロース,ビーマップ
1360,4317,JQスタンダード,レイ
1361,4318,東証2部,クイック
1362,4319,東証1部,TAC
1363,4320,東証マザーズ,CEホールディングス
1364,4320,札証,CEホールディングス
1365,4321,東証1部,ケネディクス
1366,4323,東証2部,日本システム技術
1367,4324,東証1部,電通
1368,4326,東証1部,インテージホールディングス
1369,4327,JQスタンダード,日本エス・エイチ・エル
1370,4331,東証1部,テイクアンドギヴ・ニーズ
1371,4333,東証1部,東邦システムサイエンス
1372,4334,JQスタンダード,ユークス
1373,4335,JQスタンダード,アイ・ピー・エス
1374,4336,JQスタンダード,クリエアナブキ
1375,4337,東証1部,ぴあ
1376,4341,東証2部,西菱電機
1377,4342,東証2部,セコム上信越
1378,4343,東証1部,イオンファンタジー
1379,4344,東証1部,ソースネクスト
1380,4345,JQスタンダード,シーティーエス
1381,4346,東証1部,ネクシィーズ
1382,4347,JQスタンダード,ブロードメディア
1383,4348,JQスタンダード,インフォコム
1384,4350,東証1部,メディカルシステムネットワーク
1385,4351,JQスタンダード,山田債権回収管理総合事務所
1386,4355,JQスタンダード,ロングライフホールディング
1387,4356,JQスタンダード,応用技術
1388,4358,東証1部,ティー・ワイ・オー
1389,4361,東証2部,川口化学工業
1390,4362,東証1部,日本精化
1391,4364,東証2部,マナック
1392,4365,JQスタンダード,松本油脂製薬
1393,4366,東証2部,ダイトーケミックス
1394,4367,東証2部,広栄化学工業
1395,4368,JQスタンダード,扶桑化学工業
1396,4369,JQスタンダード,トリケミカル研究所
1397,4401,東証1部,ADEKA
1398,4403,東証1部,日油
1399,4404,東証1部,ミヨシ油脂
1400,4406,東証1部,新日本理化
1401,4409,東証2部,東邦化学工業
1402,4410,東証1部,ハリマ化成グループ
1403,4452,東証1部,花王
1404,4461,東証1部,第一工業製薬
1405,4462,東証2部,石原ケミカル
1406,4464,東証2部,ソフト99コーポレーション
1407,4465,東証2部,ニイタカ
1408,4471,東証1部,三洋化成工業
1409,4502,東証1部,武田薬品工業
1410,4502,福証,武田薬品工業
1411,4502,札証,武田薬品工業
1412,4503,東証1部,アステラス製薬
1413,4506,東証1部,大日本住友製薬
1414,4507,東証1部,塩野義製薬
1415,4508,東証1部,田辺三菱製薬
1416,4512,東証1部,わかもと製薬
1417,4514,東証1部,あすか製薬
1418,4516,東証1部,日本新薬
1419,4517,東証1部,ビオフェルミン製薬
1420,4519,東証1部,中外製薬
1421,4521,東証1部,科研製薬
1422,4523,東証1部,エーザイ
1423,4524,東証2部,森下仁丹
1424,4526,東証2部,理研ビタミン
1425,4527,東証1部,ロート製薬
1426,4528,東証1部,小野薬品工業
1427,4530,東証1部,久光製薬
1428,4530,福証,久光製薬
1429,4531,東証1部,有機合成薬品工業
1430,4534,東証1部,持田製薬
1431,4536,東証1部,参天製薬
1432,4538,東証1部,扶桑薬品工業
1433,4539,東証1部,日本ケミファ
1434,4540,東証1部,ツムラ
1435,4541,東証1部,日医工
1436,4543,東証1部,テルモ
1437,4544,東証1部,みらかホールディングス
1438,4547,東証1部,キッセイ薬品工業
1439,4548,東証1部,生化学工業
1440,4549,東証1部,栄研化学
1441,4550,東証1部,日水製薬
1442,4551,東証1部,鳥居薬品
1443,4552,東証1部,JCRファーマ
1444,4553,東証1部,東和薬品
1445,4554,東証1部,富士製薬工業
1446,4555,東証1部,沢井製薬
1447,4556,JQスタンダード,カイノス
1448,4557,JQスタンダード,医学生物学研究所
1449,4558,JQスタンダード,中京医薬品
1450,4559,東証1部,ゼリア新薬工業
1451,4563,東証マザーズ,アンジェス MG
1452,4564,東証マザーズ,オンコセラピー・サイエンス
1453,4565,東証マザーズ,そーせいグループ
1454,4568,東証1部,第一三共
1455,4569,東証1部,キョーリン製薬ホールディングス
1456,4570,JQグロース,免疫生物研究所
1457,4571,東証マザーズ,ナノキャリア
1458,4572,JQグロース,カルナバイオサイエンス
1459,4573,JQスタンダード,アールテック・ウエノ
1460,4574,東証1部,大幸薬品
1461,4575,東証マザーズ,キャンバス
1462,4576,JQグロース,デ・ウエスタン・セラピテクス研究所
1463,4577,東証1部,ダイト
1464,4578,東証1部,大塚ホールディングス
1465,4579,JQグロース,ラクオリア創薬
1466,4581,東証1部,大正製薬ホールディングス
1467,4582,JQグロース,シンバイオ製薬
1468,4583,東証マザーズ,カイオム・バイオサイエンス
1469,4584,東証マザーズ,ジーンテクノサイエンス
1470,4585,東証マザーズ,UMNファーマ
1471,4586,東証マザーズ,メドレックス
1472,4587,東証マザーズ,ペプチドリーム
1473,4588,東証マザーズ,オンコリスバイオファーマ
1474,4589,東証マザーズ外国,アキュセラ・インク
1475,4611,東証1部,大日本塗料
1476,4612,東証1部,日本ペイント
1477,4613,東証1部,関西ペイント
1478,4615,東証1部,神東塗料
1479,4616,東証2部,川上塗料
1480,4617,東証1部,中国塗料
1481,4619,東証1部,日本特殊塗料
1482,4620,東証1部,藤倉化成
1483,4621,東証2部,ロックペイント
1484,4623,東証2部,アサヒペン
1485,4624,東証2部,イサム塗料
1486,4625,JQスタンダード,アトミクス
1487,4626,東証1部,太陽ホールディングス
1488,4627,JQスタンダード,ナトコ
1489,4628,JQスタンダード,エスケー化研
1490,4629,JQスタンダード,大伸化学
1491,4631,東証1部,DIC
1492,4633,東証1部,サカタインクス
1493,4634,東証1部,東洋インキSCホールディングス
1494,4635,東証2部,東京インキ
1495,4636,東証1部,T&K TOKA
1496,4640,JQスタンダード,アンドール
1497,4641,東証1部,アルプス技研
1498,4642,東証2部,オリジナル設計
1499,4644,JQスタンダード,イマジニア
1500,4645,JQスタンダード,市進ホールディングス
1501,4650,JQスタンダード,ゲオディノス
1502,4651,東証1部,サニックス
1503,4651,福証,サニックス
1504,4653,東証1部,ダイオーズ
1505,4656,JQスタンダード,サン・ライフ
1506,4657,JQスタンダード,環境管理センター
1507,4658,東証1部,日本空調サービス
1508,4659,JQスタンダード,エイジス
1509,4661,東証1部,オリエンタルランド
1510,4662,JQスタンダード,フォーカスシステムズ
1511,4664,JQスタンダード,アール・エス・シー
1512,4665,東証1部,ダスキン
1513,4666,東証1部,パーク24
1514,4667,JQスタンダード,アイサンテクノロジー
1515,4668,東証1部,明光ネットワークジャパン
1516,4669,JQスタンダード,ニッパンレンタル
1517,4671,東証1部,ファルコSDホールディングス
1518,4673,JQスタンダード,川崎地質
1519,4674,東証1部,クレスコ
1520,4676,東証1部,フジ・メディア・ホールディングス
1521,4678,東証1部,秀英予備校
1522,4679,東証1部,田谷
1523,4680,東証1部,ラウンドワン
1524,4681,東証1部,リゾートトラスト
1525,4684,東証1部,オービック
1526,4685,JQスタンダード,菱友システムズ
1527,4686,東証1部,ジャストシステム
1528,4687,東証1部,TDCソフトウェアエンジニアリング
1529,4689,東証1部,ヤフー
1530,4690,JQスタンダード,日本パレットプール
1531,4694,東証1部,ビー・エム・エル
1532,4695,東証2部,マイスターエンジニアリング
1533,4696,東証1部,ワタベウェディング
1534,4699,JQスタンダード,ウチダエスコ
1535,4704,東証1部,トレンドマイクロ
1536,4705,JQスタンダード,クリップコーポレーション
1537,4707,JQスタンダード,キタック
1538,4708,東証1部,もしもしホットライン
1539,4709,東証2部,インフォメーション・ディベロプメント
1540,4712,JQスタンダード,アドアーズ
1541,4714,東証1部,リソー教育
1542,4716,東証1部,日本オラクル
1543,4718,東証1部,早稲田アカデミー
1544,4719,東証1部,アルファシステムズ
1545,4720,JQスタンダード,城南進学研究社
1546,4722,東証1部,フューチャーアーキテクト
1547,4725,東証1部,CAC Holdings
1548,4726,東証1部,ソフトバンク・テクノロジー
1549,4728,東証1部,トーセ
1550,4732,東証1部,ユー・エス・エス
1551,4733,東証1部,オービックビジネスコンサルタント
1552,4734,JQスタンダード,ビーイング
1553,4735,東証2部,京進
1554,4736,JQスタンダード,日本ラッド
1555,4739,東証1部,伊藤忠テクノソリューションズ
1556,4743,東証1部,アイティフォー
1557,4744,東証マザーズ,メッツ
1558,4745,東証1部,東京個別指導学院
1559,4746,東証1部,東計電算
1560,4748,JQスタンダード,構造計画研究所
1561,4750,東証2部,ダイサン
1562,4751,東証マザーズ,サイバーエージェント
1563,4752,JQスタンダード,昭和システムエンジニアリング
1564,4754,JQスタンダード,トスネット
1565,4755,東証1部,楽天
1566,4760,JQスタンダード,アルファ
1567,4761,東証2部,さくらケーシーエス
1568,4762,東証1部,エックスネット
1569,4763,JQスタンダード,クリーク・アンド・リバー社
1570,4764,JQグロース,デジタルデザイン
1571,4765,JQスタンダード,モーニングスター
1572,4766,東証マザーズ,ピーエイ
1573,4767,東証1部,テー・オー・ダブリュー
1574,4768,東証1部,大塚商会
1575,4769,JQスタンダード,インフォメーションクリエーティブ
1576,4770,東証マザーズ,図研エルミック
1577,4771,JQスタンダード,エフアンドエム
1578,4772,JQグロース,デジタルアドベンチャー
1579,4775,東証1部,総合メディカル
1580,4776,東証1部,サイボウズ
1581,4777,JQスタンダード,ガーラ
1582,4779,東証1部,ソフトブレーン
1583,4781,東証2部,日本ハウズイング
1584,4783,JQスタンダード,日本コンピュータ・ダイナミクス
1585,4784,JQスタンダード,GMOアドパートナーズ
1586,4792,JQスタンダード,山田コンサルティンググループ
1587,4793,JQスタンダード,富士通ビー・エス・シー
1588,4798,東証2部,エル・シー・エーホールディングス
1589,4799,東証1部,アグレックス
1590,4800,JQスタンダード,オリコン
1591,4801,東証1部,セントラルスポーツ
1592,4809,東証1部,パラカ
1593,4812,東証1部,電通国際情報サービス
1594,4813,東証マザーズ,ACCESS
1595,4814,JQスタンダード,ネクストウェア
1596,4816,JQスタンダード,東映アニメーション
1597,4819,JQスタンダード,デジタルガレージ
1598,4820,東証1部,イーエムシステムズ
1599,4824,東証マザーズ,メディアシーク
1600,4825,東証1部,ウェザーニューズ
1601,4826,東証1部,CIJ
1602,4827,福証Q-Board,ビジネス・ワンホールディングス
1603,4828,東証1部,東洋ビジネスエンジニアリング
1604,4829,東証1部,日本エンタープライズ
1605,4832,東証2部,JFEシステムズ
1606,4833,JQグロース,ぱど
1607,4834,札証,キャリアバンク
1608,4837,JQスタンダード,シダックス
1609,4838,JQスタンダード,スペースシャワーネットワーク
1610,4839,東証1部,WOWOW
1611,4840,JQグロース,トライアイズ
1612,4842,JQスタンダード,USEN
1613,4845,東証2部,フュージョンパートナー
1614,4847,JQスタンダード,インテリジェント ウェイブ
1615,4848,東証1部,フルキャストホールディングス
1616,4849,JQスタンダード,エン・ジャパン
1617,4850,東証1部外国,ダウケミカル
1618,4875,JQスタンダード外国,メディシノバ・インク
1619,4901,東証1部,富士フイルムホールディングス
1620,4901,福証,富士フイルムホールディングス
1621,4901,札証,富士フイルムホールディングス
1622,4902,東証1部,コニカミノルタ
1623,4911,東証1部,資生堂
1624,4912,東証1部,ライオン
1625,4914,東証1部,高砂香料工業
1626,4917,東証1部,マンダム
1627,4918,JQスタンダード,アイビー化粧品
1628,4919,東証1部,ミルボン
1629,4920,JQスタンダード,日本色材工業研究所
1630,4921,東証1部,ファンケル
1631,4922,東証1部,コーセー
1632,4923,東証1部,コタ
1633,4924,東証1部,ドクターシーラボ
1634,4925,JQスタンダード,ハーバー研究所
1635,4926,東証1部,シーボン
1636,4927,東証1部,ポーラ・オルビスホールディングス
1637,4928,東証1部,ノエビアホールディングス
1638,4929,東証1部,アジュバンコスメジャパン
1639,4951,東証1部,エステー
1640,4952,東証2部,エス・ディー・エス バイオテック
1641,4955,東証2部,アグロ カネショウ
1642,4956,東証1部,コニシ
1643,4957,東証2部,ヤスハラケミカル
1644,4958,東証1部,長谷川香料
1645,4960,東証2部,ケミプロ化成
1646,4962,東証2部,互応化学工業
1647,4963,東証1部,星光PMC
1648,4965,JQスタンダード,曽田香料
1649,4966,東証2部,上村工業
1650,4967,東証1部,小林製薬
1651,4968,東証1部,荒川化学工業
1652,4970,JQスタンダード,東洋合成工業
1653,4971,東証1部,メック
1654,4972,JQスタンダード,綜研化学
1655,4973,東証1部,日本高純度化学
1656,4974,東証マザーズ,タカラバイオ
1657,4975,東証1部,JCU
1658,4976,JQスタンダード,東洋ドライルーブ
1659,4977,東証1部,新田ゼラチン
1660,4978,JQグロース,リプロセル
1661,4979,東証2部,OATアグリオ
1662,4985,東証1部,アース製薬
1663,4987,東証2部,寺岡製作所
1664,4989,東証1部,イハラケミカル工業
1665,4990,東証2部,昭和化学工業
1666,4992,東証1部,北興化学工業
1667,4994,東証1部,大成ラミック
1668,4995,福証,サンケイ化学
1669,4996,東証1部,クミアイ化学工業
1670,4997,東証1部,日本農薬
1671,4998,東証2部,フマキラー
1672,4999,東証2部,セメダイン
1673,5002,東証1部,昭和シェル石油
1674,5007,東証1部,コスモ石油
1675,5008,東証2部,東亜石油
1676,5009,東証1部,富士興産
1677,5010,東証2部,日本精蝋
1678,5011,東証1部,ニチレキ
1679,5012,東証1部,東燃ゼネラル石油
1680,5013,東証1部,ユシロ化学工業
1681,5015,東証1部,ビーピー・カストロール
1682,5017,東証1部,富士石油
1683,5018,東証1部,MORESCO
1684,5019,東証1部,出光興産
1685,5020,東証1部,JXホールディングス
1686,5101,東証1部,横浜ゴム
1687,5103,東証2部,昭和ホールディングス
1688,5104,東証2部,日東化工
1689,5105,東証1部,東洋ゴム工業
1690,5108,東証1部,ブリヂストン
1691,5108,福証,ブリヂストン
1692,5110,東証1部,住友ゴム工業
1693,5121,東証1部,藤倉ゴム工業
1694,5122,東証1部,オカモト
1695,5142,東証1部,アキレス
1696,5161,東証2部,西川ゴム工業
1697,5162,JQスタンダード,朝日ラバー
1698,5184,東証2部,ニチリン
1699,5185,東証1部,フコク
1700,5186,東証1部,ニッタ
1701,5187,東証1部,クリエートメディック
1702,5189,東証2部,櫻護謨
1703,5191,東証1部,東海ゴム工業
1704,5192,東証1部,三ツ星ベルト
1705,5194,東証2部,相模ゴム工業
1706,5195,東証1部,バンドー化学
1707,5196,東証1部,鬼怒川ゴム工業
1708,5199,JQスタンダード,不二ラテックス
1709,5201,東証1部,旭硝子
1710,5202,東証1部,日本板硝子
1711,5204,東証1部,石塚硝子
1712,5208,東証1部,有沢製作所
1713,5210,東証1部,日本山村硝子
1714,5212,JQスタンダード,不二硝子
1715,5214,東証1部,日本電気硝子
1716,5216,JQスタンダード,倉元製作所
1717,5217,JQスタンダード,テクノクオーツ
1718,5218,東証1部,オハラ
1719,5232,東証1部,住友大阪セメント
1720,5233,東証1部,太平洋セメント
1721,5233,福証,太平洋セメント
1722,5234,東証1部,デイ・シイ
1723,5237,東証2部,ノザワ
1724,5261,東証1部,リゾートソリューション
1725,5262,東証1部,日本ヒューム
1726,5268,東証2部,旭コンクリート工業
1727,5269,東証1部,日本コンクリート工業
1728,5271,東証2部,トーヨーアサノ
1729,5273,東証1部,三谷セキサン
1730,5277,JQスタンダード,スパンクリートコーポレーション
1731,5279,JQスタンダード,日本興業
1732,5280,JQスタンダード,ヨシコン
1733,5282,東証2部,ジオスター
1734,5283,JQスタンダード,高見澤
1735,5284,JQスタンダード,ヤマウ
1736,5285,JQスタンダード,ヤマックス
1737,5287,東証2部,イトーヨーギョー
1738,5288,東証1部,ジャパンパイル
1739,5289,東証2部,ゼニス羽田
1740,5301,東証1部,東海カーボン
1741,5302,東証1部,日本カーボン
1742,5304,東証2部,SECカーボン
1743,5310,東証1部,東洋炭素
1744,5331,東証1部,ノリタケカンパニーリミテド
1745,5332,東証1部,TOTO
1746,5332,福証,TOTO
1747,5333,東証1部,日本碍子
1748,5334,東証1部,日本特殊陶業
1749,5337,東証1部,ダントーホールディングス
1750,5341,東証2部,アサヒ衛陶
1751,5344,東証1部,MARUWA
1752,5351,東証1部,品川リフラクトリーズ
1753,5351,札証,品川リフラクトリーズ
1754,5352,東証1部,黒崎播磨
1755,5352,福証,黒崎播磨
1756,5355,東証2部,日本坩堝
1757,5357,東証1部,ヨータイ
1758,5358,東証1部,イソライト工業
1759,5363,東証1部,東京窯業
1760,5367,東証1部,ニッカトー
1761,5380,JQスタンダード,新東
1762,5381,JQスタンダード,Mipox
1763,5384,東証1部,フジミインコーポレーテッド
1764,5386,東証2部,鶴弥
1765,5387,JQスタンダード,チヨダウーテ
1766,5388,JQスタンダード,クニミネ工業
1767,5389,東証2部,日本レヂボン
1768,5391,東証1部,エーアンドエーマテリアル
1769,5393,東証1部,ニチアス
1770,5395,東証2部,理研コランダム
1771,5398,東証2部,日本研紙
1772,5401,東証1部,新日鐵住金
1773,5401,福証,新日鐵住金
1774,5401,札証,新日鐵住金
1775,5406,東証1部,神戸製鋼所
1776,5408,東証1部,中山製鋼所
1777,5410,東証1部,合同製鐵
1778,5411,東証1部,ジェイ エフ イー ホールディングス
1779,5412,東証1部外国,ポスコ 普通株式米国預託証券
1780,5413,東証1部,日新製鋼
1781,5423,東証1部,東京製鐵
1782,5440,東証1部,共英製鋼
1783,5444,東証1部,大和工業
1784,5445,東証1部,東京鐵鋼
1785,5446,東証2部,北越メタル
1786,5448,JQスタンダード,東京鋼鐵
1787,5449,東証1部,大阪製鐵
1788,5451,東証1部,淀川製鋼所
1789,5453,東証1部,東洋鋼鈑
1790,5456,JQスタンダード,朝日工業
1791,5458,東証2部,高砂鐵工
1792,5463,東証1部,丸一鋼管
1793,5464,東証1部,モリ工業
1794,5471,東証1部,大同特殊鋼
1795,5476,東証1部,日本高周波鋼業
1796,5480,東証1部,日本冶金工業
1797,5481,東証1部,山陽特殊製鋼
1798,5482,東証1部,愛知製鋼
1799,5484,JQスタンダード,東北特殊鋼
1800,5486,東証1部,日立金属
1801,5491,東証1部,日本金属
1802,5541,東証1部,大平洋金属
1803,5542,JQスタンダード,新報国製鉄
1804,5563,東証1部,日本電工
1805,5602,東証1部,栗本鐵工所
1806,5603,東証1部,虹技
1807,5609,東証2部,日本鋳造
1808,5610,東証2部,大和重工
1809,5612,東証1部,日本鋳鉄管
1810,5614,東証2部,川金ホールディングス
1811,5631,東証1部,日本製鋼所
1812,5632,東証1部,三菱製鋼
1813,5644,東証2部,メタルアート
1814,5657,東証2部,鈴木金属工業
1815,5658,東証1部,日亜鋼業
1816,5659,東証1部,日本精線
1817,5660,東証2部,神鋼鋼線工業
1818,5695,JQスタンダード,パウダーテック
1819,5697,東証2部,サンユウ
1820,5698,東証2部,エンビプロ・ホールディングス
1821,5702,東証1部,大紀アルミニウム工業所
1822,5703,東証1部,日本軽金属ホールディングス
1823,5706,東証1部,三井金属鉱業
1824,5707,東証1部,東邦亜鉛
1825,5711,東証1部,三菱マテリアル
1826,5713,東証1部,住友金属鉱山
1827,5714,東証1部,DOWAホールディングス
1828,5714,福証,DOWAホールディングス
1829,5714,札証,DOWAホールディングス
1830,5715,東証1部,古河機械金属
1831,5721,東証1部,エス・サイエンス
1832,5724,JQスタンダード,アサカ理研
1833,5726,東証1部,大阪チタニウムテクノロジーズ
1834,5727,東証1部,東邦チタニウム
1835,5729,東証2部,日本精鉱
1836,5741,東証1部,UACJ
1837,5742,JQスタンダード,エヌアイシ・オートテック
1838,5753,東証2部,日本伸銅
1839,5758,JQスタンダード,FCM
1840,5781,東証2部,東邦金属
1841,5801,東証1部,古河電気工業
1842,5802,東証1部,住友電気工業
1843,5802,福証,住友電気工業
1844,5803,東証1部,フジクラ
1845,5805,東証1部,昭和電線ホールディングス
1846,5807,東証1部,東京特殊電線
1847,5809,東証1部,タツタ電線
1848,5815,東証1部,沖電線
1849,5816,東証2部,オーナンバ
1850,5817,東証2部,日本電線工業
1851,5819,東証1部,カナレ電気
1852,5820,JQスタンダード,三ッ星
1853,5821,東証1部,平河ヒューテック
1854,5851,東証1部,リョービ
1855,5852,東証1部,アーレスティ
1856,5856,東証2部,東理ホールディングス
1857,5857,東証1部,アサヒホールディングス
1858,5900,JQスタンダード,ダイケン
1859,5901,東証1部,東洋製罐グループホールディングス
1860,5902,東証1部,ホッカンホールディングス
1861,5902,札証,ホッカンホールディングス
1862,5903,JQスタンダード,シンポ
1863,5905,東証2部,日本製罐
1864,5906,JQスタンダード,エムケー精工
1865,5907,東証2部,JFEコンテイナー
1866,5909,東証1部,コロナ
1867,5911,東証1部,横河ブリッジホールディングス
1868,5912,東証1部,OSJBホールディングス
1869,5915,東証1部,駒井ハルテック
1870,5918,東証2部,瀧上工業
1871,5921,東証2部,川岸工業
1872,5922,東証2部,那須電機鉄工
1873,5923,東証1部,高田機工
1874,5928,東証2部,アルメタックス
1875,5929,東証1部,三和ホールディングス
1876,5930,東証1部,文化シヤッター
1877,5932,東証1部,三協立山
1878,5933,東証2部,アルインコ
1879,5935,JQスタンダード,元旦ビューティ工業
1880,5936,東証1部,東洋シヤッター
1881,5938,東証1部,LIXILグループ
1882,5939,JQスタンダード,大谷工業
1883,5940,東証2部,不二サッシ
1884,5941,東証2部,中西製作所
1885,5942,東証1部,日本フイルコン
1886,5943,東証1部,ノーリツ
1887,5945,JQスタンダード,天龍製鋸
1888,5946,東証1部,長府製作所
1889,5947,東証1部,リンナイ
1890,5949,東証1部,ユニプレス
1891,5950,東証2部,日本パワーファスニング
1892,5951,東証1部,ダイニチ工業
1893,5952,東証2部,アマテイ
1894,5953,福証,昭和鉄工
1895,5955,東証2部,ヤマシナ
1896,5956,東証2部,トーソー
1897,5957,東証1部,日東精工
1898,5958,東証1部,三洋工業
1899,5959,東証1部,岡部
1900,5962,東証2部,浅香工業
1901,5964,東証2部,東洋刃物
1902,5965,東証2部,フジマック
1903,5966,東証2部,京都機械工具
1904,5967,東証2部,TONE
1905,5969,東証2部,ロブテックス
1906,5970,JQスタンダード,ジーテクト
1907,5971,JQスタンダード,共和工業所
1908,5973,東証2部,トーアミ
1909,5974,東証1部,中国工業
1910,5975,東証1部,東プレ
1911,5976,東証1部,高周波熱錬
1912,5981,東証1部,東京製綱
1913,5982,東証2部,マルゼン
1914,5983,JQスタンダード,イワブチ
1915,5984,東証2部,兼房
1916,5985,東証1部,サンコール
1917,5986,東証1部,モリテック スチール
1918,5987,JQスタンダード,オーネックス
1919,5988,東証1部,パイオラックス
1920,5989,JQスタンダード,エイチワン
1921,5990,JQスタンダード,スーパーツール
1922,5991,東証1部,日本発条
1923,5992,東証1部,中央発條
1924,5994,東証2部,ファインシンター
1925,5997,JQスタンダード,協立エアテック
1926,5998,東証1部,アドバネクス
1927,5999,JQスタンダード,イハラサイエンス
1928,6005,東証1部,三浦工業
1929,6013,東証1部,タクマ
1930,6016,東証2部,神戸発動機
1931,6018,東証2部,阪神内燃機工業
1932,6022,東証2部,赤阪鐵工所
1933,6023,東証2部,ダイハツディーゼル
1934,6042,東証2部,ニッキ
1935,6050,東証マザーズ,イー・ガーディアン
1936,6051,JQスタンダード,アイ・アールジャパン
1937,6052,JQスタンダード,イーピーミント
1938,6053,東証2部,栄光ホールディングス
1939,6054,東証1部,リブセンス
1940,6055,東証1部,ジャパンマテリアル
1941,6058,東証マザーズ,ベクトル
1942,6059,東証2部,ウチヤマホールディングス
1943,6060,JQスタンダード,こころネット
1944,6061,JQスタンダード,ユニバーサル園芸社
1945,6062,JQスタンダード,チャーム・ケア・コーポレーション
1946,6063,JQスタンダード,日本エマージェンシーアシスタンス
1947,6064,東証マザーズ,アクトコール
1948,6065,東証1部,サクセスホールディングス
1949,6066,東証TPM,新東京グループ
1950,6067,東証マザーズ,メディアフラッグ
1951,6068,JQスタンダード,P&Pホールディングス
1952,6069,東証マザーズ,トレンダーズ
1953,6070,東証2部,キャリアリンク
1954,6071,JQスタンダード,IBJ
1955,6072,東証マザーズ,地盤ネット
1956,6073,東証1部,アサンテ
1957,6074,JQスタンダード,ジェイエスエス
1958,6075,東証マザーズ,フォトクリエイト
1959,6076,福証,アメイズ
1960,6077,東証マザーズ,N・フィールド
1961,6078,JQスタンダード,バリューHR
1962,6079,東証マザーズ,エナリス
1963,6080,東証マザーズ,M&Aキャピタルパートナーズ
1964,6081,東証マザーズ,アライドアーキテクツ
1965,6082,東証マザーズ,ライドオン・エクスプレス
1966,6083,東証1部,ERIホールディングス
1967,6084,東証マザーズ,オウチーノ
1968,6085,東証マザーズ,アーキテクツ・スタジオ・ジャパン
1969,6086,東証マザーズ,シンプロメンテ
1970,6087,JQスタンダード,アビスト
1971,6088,東証マザーズ,シグマクシス
1972,6089,東証2部,ウィルグループ
1973,6090,東証マザーズ,ヒューマン・メタボローム・テクノロジーズ
1974,6091,東証2部,ウエスコホールディングス
1975,6092,東証マザーズ,エンバイオ・ホールディングス
1976,6093,JQスタンダード,エスクロー・エージェント・ジャパン
1977,6094,東証マザーズ,フリークアウト
1978,6095,東証マザーズ,メドピア
1979,6096,東証マザーズ,レアジョブ
1980,6101,東証1部,ツガミ
1981,6103,東証1部,オークマ
1982,6104,東証1部,東芝機械
1983,6112,東証2部,小島鉄工所
1984,6113,東証1部,アマダ
1985,6118,東証1部,アイダエンジニアリング
1986,6121,東証1部,滝澤鉄工所
1987,6125,東証2部,岡本工作機械製作所
1988,6131,東証2部,浜井産業
1989,6134,東証1部,富士機械製造
1990,6135,東証1部,牧野フライス製作所
1991,6136,東証1部,オーエスジー
1992,6137,東証2部,小池酸素工業
1993,6138,東証1部,ダイジェット工業
1994,6140,東証1部,旭ダイヤモンド工業
1995,6141,東証1部,DMG森精機
1996,6143,東証2部,ソディック
1997,6144,東証2部,西部電機
1998,6144,福証,西部電機
1999,6145,JQスタンダード,日特エンジニアリング
2000,6146,東証1部,ディスコ
2001,6147,JQスタンダード,ヤマザキ
2002,6149,JQスタンダード,小田原エンジニアリング
2003,6150,JQスタンダード,タケダ機械
2004,6151,東証1部,日東工器
2005,6155,東証2部,高松機械工業
2006,6156,JQスタンダード,エーワン精密
2007,6157,JQスタンダード,日進工具
2008,6158,JQスタンダード,和井田製作所
2009,6159,JQスタンダード,ミクロン精密
2010,6161,東証マザーズ,エスティック
2011,6163,JQスタンダード,エイチアンドエフ
2012,6164,JQスタンダード,太陽工機
2013,6165,東証1部,パンチ工業
2014,6201,東証1部,豊田自動織機
2015,6203,東証1部,豊和工業
2016,6205,東証1部,大阪機工
2017,6208,東証1部,石川製作所
2018,6210,東証1部,東洋機械金属
2019,6217,東証1部,津田駒工業
2020,6218,東証1部,エンシュウ
2021,6222,東証1部,島精機製作所
2022,6245,東証2部,ヒラノテクシード
2023,6246,東証2部,テクノスマート
2024,6247,東証1部,日阪製作所
2025,6248,JQスタンダード,横田製作所
2026,6249,JQスタンダード,ゲームカード・ジョイコホールディングス
2027,6250,東証1部,やまびこ
2028,6254,JQスタンダード,野村マイクロ・サイエンス
2029,6255,東証マザーズ,エヌ・ピー・シー
2030,6256,JQスタンダード,ニューフレアテクノロジー
2031,6257,JQスタンダード,藤商事
2032,6258,JQスタンダード,平田機工
2033,6259,JQスタンダード,大崎エンジニアリング
2034,6260,JQスタンダード,アドテックエンジニアリング
2035,6262,東証1部,ペガサスミシン製造
2036,6264,東証マザーズ,マルマエ
2037,6265,JQスタンダード,妙徳
2038,6266,JQスタンダード,タツモ
2039,6267,JQスタンダード,ゼネラルパッカー
2040,6268,東証1部,ナブテスコ
2041,6269,東証1部,三井海洋開発
2042,6271,東証2部,ニッセイ
2043,6272,東証1部,レオン自動機
2044,6273,東証1部,SMC
2045,6274,東証1部,新川
2046,6276,JQスタンダード,ナビタス
2047,6277,東証1部,ホソカワミクロン
2048,6278,東証1部,ユニオンツール
2049,6279,東証2部,瑞光
2050,6281,JQスタンダード,前田製作所
2051,6282,東証1部,オイレス工業
2052,6284,東証1部,日精エー・エス・ビー機械
2053,6286,JQスタンダード,靜甲
2054,6287,東証1部,サトーホールディングス
2055,6289,東証2部,技研製作所
2056,6291,東証1部,日本エアーテック
2057,6292,東証2部,カワタ
2058,6293,東証1部,日精樹脂工業
2059,6294,東証2部,オカダアイヨン
2060,6297,JQスタンダード,鉱研工業
2061,6298,東証1部,ワイエイシイ
2062,6299,東証2部,神鋼環境ソリューション
2063,6300,東証2部,アピックヤマダ
2064,6301,東証1部,小松製作所
2065,6302,東証1部,住友重機械工業
2066,6303,東証2部,ササクラ
2067,6305,東証1部,日立建機
2068,6306,東証1部,日工
2069,6307,東証2部,サンセイ
2070,6309,東証1部,巴工業
2071,6310,東証1部,井関農機
2072,6312,JQスタンダード,フロイント産業
2073,6314,JQスタンダード,石井工作研究所
2074,6315,東証1部,TOWA
2075,6316,東証1部,丸山製作所
2076,6317,東証1部,北川鉄工所
2077,6319,東証1部,シンニッタン
2078,6322,東証2部,タクミナ
2079,6323,JQスタンダード,ローツェ
2080,6324,JQスタンダード,ハーモニック・ドライブ・システムズ
2081,6325,東証2部,タカキタ
2082,6326,東証1部,クボタ
2083,6327,JQスタンダード,北川精機
2084,6328,東証1部,荏原実業
2085,6330,東証1部,東洋エンジニアリング
2086,6331,東証1部,三菱化工機
2087,6332,東証1部,月島機械
2088,6333,東証1部,帝国電機製作所
2089,6334,東証2部,明治機械
2090,6335,東証1部,東京機械製作所
2091,6336,東証2部,石井表記
2092,6337,JQスタンダード,テセック
2093,6338,東証2部,タカトリ
2094,6339,東証1部,新東工業
2095,6340,東証1部,澁谷工業
2096,6342,東証2部,太平製作所
2097,6343,東証2部,フリージア・マクロス
2098,6345,東証1部,アイチコーポレーション
2099,6346,東証2部,キクカワエンタープライズ
2100,6347,JQスタンダード,プラコー
2101,6349,東証1部,小森コーポレーション
2102,6351,東証1部,鶴見製作所
2103,6355,東証1部,住友精密工業
2104,6356,東証2部,日本ギア工業
2105,6357,東証2部,三精テクノロジーズ
2106,6358,東証1部,酒井重工業
2107,6360,東証2部,東京自働機械製作所
2108,6361,東証1部,荏原製作所
2109,6362,東証1部,石井鐵工所
2110,6363,東証1部,酉島製作所
2111,6364,東証1部,北越工業
2112,6365,東証2部,電業社機械製作所
2113,6366,東証1部,千代田化工建設
2114,6367,東証1部,ダイキン工業
2115,6368,東証1部,オルガノ
2116,6369,東証1部,トーヨーカネツ
2117,6370,東証1部,栗田工業
2118,6371,東証1部,椿本チエイン
2119,6373,東証1部,大同工業
2120,6375,東証1部,日本コンベヤ
2121,6376,東証1部,日機装
2122,6378,東証1部,木村化工機
2123,6379,東証1部,新興プランテック
2124,6380,東証2部,オリエンタルチエン工業
2125,6381,東証1部,アネスト岩田
2126,6382,東証2部,トリニティ工業
2127,6383,東証1部,ダイフク
2128,6384,JQスタンダード,昭和真空
2129,6387,東証1部,サムコ
2130,6390,東証1部,加藤製作所
2131,6391,東証2部,加地テック
2132,6392,東証2部,ヤマダコーポレーション
2133,6393,東証1部,油研工業
2134,6395,東証1部,タダノ
2135,6396,東証2部,宇野澤組鐵工所
2136,6397,東証2部,郷鉄工所
2137,6400,JQスタンダード,不二精機
2138,6402,東証2部,兼松エンジニアリング
2139,6403,JQスタンダード,水道機工
2140,6405,JQスタンダード,鈴茂器工
2141,6406,東証1部,フジテック
2142,6407,東証1部,CKD
2143,6408,JQスタンダード,小倉クラッチ
2144,6409,東証1部,キトー
2145,6411,JQスタンダード,中野冷機
2146,6412,東証1部,平和
2147,6413,東証1部,理想科学工業
2148,6414,JQスタンダード,川重冷熱工業
2149,6416,JQスタンダード,桂川電機
2150,6417,東証1部,SANKYO
2151,6418,東証1部,日本金銭機械
2152,6419,東証1部,マースエンジニアリング
2153,6420,東証1部,福島工業
2154,6424,JQスタンダード,高見沢サイバネティックス
2155,6425,JQスタンダード,ユニバーサルエンターテインメント
2156,6428,東証1部,オーイズミ
2157,6430,東証1部,ダイコク電機
2158,6432,JQスタンダード,竹内製作所
2159,6433,JQスタンダード,ヒーハイスト精工
2160,6436,東証1部,アマノ
2161,6440,東証1部,JUKI
2162,6444,東証1部,サンデン
2163,6445,東証1部,蛇の目ミシン工業
2164,6448,東証1部,ブラザー工業
2165,6454,東証1部,マックス
2166,6455,東証1部,モリタホールディングス
2167,6457,東証1部,グローリー
2168,6458,東証1部,新晃工業
2169,6459,東証1部,大和冷機工業
2170,6460,東証1部,セガサミーホールディングス
2171,6461,東証1部,日本ピストンリング
2172,6462,東証1部,リケン
2173,6463,東証1部,TPR
2174,6465,東証1部,ホシザキ電機
2175,6466,東証2部,東亜バルブエンジニアリング
2176,6467,JQスタンダード,ニチダイ
2177,6469,JQスタンダード,放電精密加工研究所
2178,6470,東証1部,大豊工業
2179,6471,東証1部,日本精工
2180,6472,東証1部,NTN
2181,6473,東証1部,ジェイテクト
2182,6474,東証1部,不二越
2183,6476,JQスタンダード,富士テクニカ宮津
2184,6478,東証2部,ダイベア
2185,6479,東証1部,ミネベア
2186,6480,東証1部,日本トムソン
2187,6481,東証1部,THK
2188,6482,東証1部,ユーシン精機
2189,6484,JQスタンダード,KVK
2190,6485,東証1部,前澤給装工業
2191,6486,東証1部,イーグル工業
2192,6487,東証2部,積水工機製作所
2193,6488,JQスタンダード,ヨシタケ
2194,6489,東証1部,前澤工業
2195,6490,東証1部,日本ピラー工業
2196,6492,東証2部,岡野バルブ製造
2197,6492,福証,岡野バルブ製造
2198,6493,東証2部,日鍛バルブ
2199,6494,JQスタンダード,NFKホールディングス
2200,6495,東証2部,宮入バルブ製作所
2201,6496,東証2部,中北製作所
2202,6497,JQスタンダード,ハマイ
2203,6498,東証1部,キッツ
2204,6501,東証1部,日立製作所
2205,6502,東証1部,東芝
2206,6503,東証1部,三菱電機
2207,6504,東証1部,富士電機
2208,6504,福証,富士電機
2209,6505,東証1部,東洋電機製造
2210,6506,東証1部,安川電機
2211,6506,福証,安川電機
2212,6507,東証1部,シンフォニア テクノロジー
2213,6508,東証1部,明電舎
2214,6513,東証1部,オリジン電気
2215,6516,東証1部,山洋電気
2216,6517,東証1部,デンヨー
2217,6518,JQスタンダード,三相電機
2218,6581,東証1部,日立工機
2219,6584,東証1部,三櫻工業
2220,6586,東証1部,マキタ
2221,6588,東証1部,東芝テック
2222,6590,東証1部,芝浦メカトロニクス
2223,6591,東証2部,西芝電機
2224,6592,東証1部,マブチモーター
2225,6593,JQスタンダード,ローヤル電機
2226,6594,東証1部,日本電産
2227,6616,JQスタンダード,トレックス・セミコンダクター
2228,6617,東証1部,東光高岳
2229,6618,東証マザーズ,大泉製作所
2230,6619,東証マザーズ,ダブル・スコープ
2231,6620,東証1部,宮越ホールディングス
2232,6622,東証1部,ダイヘン
2233,6622,福証,ダイヘン
2234,6624,東証2部,田淵電機
2235,6625,JQスタンダード,JALCOホールディングス
2236,6626,JQスタンダード,SEMITEC
2237,6627,東証マザーズ,テラプローブ
2238,6628,JQスタンダード,オンキヨー
2239,6629,JQスタンダード,テクノホライゾン・ホールディングス
2240,6630,東証1部,ヤーマン
2241,6632,東証1部,JVCケンウッド
2242,6633,JQスタンダード,C&Gシステムズ
2243,6634,JQスタンダード,ネクス
2244,6635,JQスタンダード,大日光・エンジニアリング
2245,6636,JQスタンダード,SOL Holdings
2246,6637,JQスタンダード,寺崎電気産業
2247,6638,JQスタンダード,ミマキエンジニアリング
2248,6639,東証2部,コンテック
2249,6640,東証1部,第一精工
2250,6641,東証1部,日新電機
2251,6643,東証2部,戸上電機製作所
2252,6644,東証1部,大崎電気工業
2253,6645,東証1部,オムロン
2254,6647,東証2部,森尾電機
2255,6648,JQスタンダード,かわでん
2256,6651,東証1部,日東工業
2257,6652,東証1部,IDEC
2258,6653,福証,正興電機製作所
2259,6654,東証2部,不二電機工業
2260,6656,東証マザーズ,インスペック
2261,6658,JQスタンダード,シライ電子工業
2262,6659,JQスタンダード,メディアグローバルリンクス
2263,6661,JQスタンダード,オプテックス・エフエー
2264,6662,JQスタンダード,ユビテック
2265,6663,JQスタンダード,太洋工業
2266,6664,JQスタンダード,オプトエレクトロニクス
2267,6666,JQスタンダード,リバーエレテック
2268,6668,東証マザーズ,アドテック プラズマ テクノロジー
2269,6669,JQスタンダード,シーシーエス
2270,6670,東証マザーズ,MCJ
2271,6674,東証1部,ジーエス・ユアサ コーポレーション
2272,6675,東証1部,サクサホールディングス
2273,6676,東証1部,メルコホールディングス
2274,6677,JQスタンダード,エスケーエレクトロニクス
2275,6678,東証1部,テクノメディカ
2276,6701,東証1部,日本電気
2277,6702,東証1部,富士通
2278,6703,東証1部,沖電気工業
2279,6704,東証1部,岩崎通信機
2280,6706,東証1部,電気興業
2281,6707,東証1部,サンケン電気
2282,6709,東証2部,明星電気
2283,6715,東証1部,ナカヨ通信機
2284,6716,JQスタンダード,テクニカル電子
2285,6718,東証1部,アイホン
2286,6719,東証2部,富士通コンポーネント
2287,6721,東証マザーズ,ウインテスト
2288,6722,JQスタンダード,エイアンドティー
2289,6723,東証1部,ルネサスエレクトロニクス
2290,6724,東証1部,セイコーエプソン
2291,6727,東証1部,ワコム
2292,6728,東証1部,アルバック
2293,6730,東証1部,アクセル
2294,6731,東証1部,ピクセラ
2295,6734,JQスタンダード,ニューテック
2296,6736,JQスタンダード,サン電子
2297,6737,東証1部,EIZO
2298,6740,東証1部,ジャパンディスプレイ
2299,6741,東証1部,日本信号
2300,6742,東証1部,京三製作所
2301,6743,東証2部,大同信号
2302,6744,東証1部,能美防災
2303,6745,東証1部,ホーチキ
2304,6747,東証2部,KIホールディングス
2305,6748,東証2部,星和電機
2306,6750,東証1部,エレコム
2307,6751,東証1部,日本無線
2308,6752,東証1部,パナソニック
2309,6753,東証1部,シャープ
2310,6754,東証1部,アンリツ
2311,6755,東証1部,富士通ゼネラル
2312,6756,東証1部,日立国際電気
2313,6757,JQスタンダード,OSGコーポレーション
2314,6758,東証1部,ソニー
2315,6762,東証1部,TDK
2316,6763,東証1部,帝国通信工業
2317,6767,東証1部,ミツミ電機
2318,6768,東証1部,タムラ製作所
2319,6769,JQスタンダード,ザインエレクトロニクス
2320,6770,東証1部,アルプス電気
2321,6771,東証1部,池上通信機
2322,6772,東証2部,東京コスモス電機
2323,6773,東証1部,パイオニア
2324,6775,東証2部,TBグループ
2325,6776,東証2部,天昇電気工業
2326,6777,JQスタンダード,santec
2327,6778,東証マザーズ,アルチザネットワークス
2328,6779,東証1部,日本電波工業
2329,6784,JQスタンダード,プラネックスホールディング
2330,6785,東証2部,鈴木
2331,6786,東証マザーズ,リアルビジョン
2332,6787,JQスタンダード,メイコー
2333,6788,東証1部,日本トリム
2334,6789,東証1部,ローランド ディー.ジー.
2335,6791,東証1部,日本コロムビア
2336,6794,東証1部,フォスター電機
2337,6796,東証1部,クラリオン
2338,6798,東証1部,SMK
2339,6800,東証1部,ヨコオ
2340,6801,東証1部,東光
2341,6803,東証1部,ティアック
2342,6804,東証1部,ホシデン
2343,6806,東証1部,ヒロセ電機
2344,6807,東証1部,日本航空電子工業
2345,6809,東証1部,TOA
2346,6810,東証1部,日立マクセル
2347,6814,東証1部,古野電気
2348,6815,東証1部,ユニデン
2349,6816,東証1部,アルパイン
2350,6817,東証1部,スミダコーポレーション
2351,6819,JQスタンダード,ソーシャル・エコロジー・プロジェクト
2352,6820,東証1部,アイコム
2353,6822,JQスタンダード,大井電気
2354,6823,東証1部,リオン
2355,6824,JQスタンダード,新コスモス電機
2356,6826,東証2部,本多通信工業
2357,6832,東証2部,アオイ電子
2358,6833,東証2部,日本電産リード
2359,6834,JQスタンダード,精工技研
2360,6835,東証2部,アライドテレシスホールディングス
2361,6836,東証マザーズ,ぷらっとホーム
2362,6837,JQスタンダード,京写
2363,6838,JQスタンダード,多摩川ホールディングス
2364,6839,東証1部,船井電機
2365,6840,JQスタンダード,アドテック
2366,6841,東証1部,横河電機
2367,6844,東証1部,新電元工業
2368,6845,東証1部,アズビル
2369,6848,東証1部,東亜ディーケーケー
2370,6849,東証1部,日本光電工業
2371,6850,東証1部,チノー
2372,6852,JQスタンダード,テクノ・セブン
2373,6853,東証1部,共和電業
2374,6855,東証1部,日本電子材料
2375,6856,東証1部,堀場製作所
2376,6857,東証1部,アドバンテスト
2377,6858,東証1部,小野測器
2378,6859,東証1部,エスペック
2379,6860,東証1部,パナソニック デバイスSUNX
2380,6861,東証1部,キーエンス
2381,6862,JQスタンダード,ミナトエレクトロニクス
2382,6863,JQスタンダード,ニレコ
2383,6864,JQスタンダード,エヌエフ回路設計ブロック
2384,6866,東証1部,日置電機
2385,6867,JQスタンダード,リーダー電子
2386,6869,東証1部,シスメックス
2387,6870,JQスタンダード,日本フェンオール
2388,6871,JQスタンダード,日本マイクロニクス
2389,6874,JQスタンダード,協立電機
2390,6875,東証1部,メガチップス
2391,6877,東証1部,OBARA GROUP
2392,6878,東証2部,長野日本無線
2393,6879,東証1部,イマジカ・ロボット ホールディングス
2394,6881,東証2部,キョウデン
2395,6882,東証2部,三社電機製作所
2396,6883,東証1部,日本電産コパル電子
2397,6888,JQスタンダード,アクモス
2398,6889,JQスタンダード,オーデリック
2399,6890,JQスタンダード,フェローテック
2400,6891,JQスタンダード,イーター電機工業
2401,6894,東証2部,パルステック工業
2402,6895,東証2部,ダイヤモンド電機
2403,6897,東証2部,ツインバード工業
2404,6898,JQスタンダード,トミタ電機
2405,6899,東証2部,ASTI
2406,6901,東証1部,澤藤電機
2407,6902,東証1部,デンソー
2408,6904,JQスタンダード,原田工業
2409,6905,東証1部,コーセル
2410,6907,JQスタンダード,ジオマテック
2411,6908,JQスタンダード,イリソ電子工業
2412,6911,東証1部,新日本無線
2413,6912,JQスタンダード,菊水電子工業
2414,6914,東証1部,オプテックス
2415,6915,東証1部,千代田インテグレ
2416,6916,JQスタンダード,アイ・オー・データ機器
2417,6918,JQスタンダード,アバールデータ
2418,6919,JQスタンダード,ケル
2419,6920,東証1部,レーザーテック
2420,6923,東証1部,スタンレー電気
2421,6924,東証1部,岩崎電気
2422,6925,東証1部,ウシオ電機
2423,6926,東証1部,岡谷電機産業
2424,6927,東証1部,ヘリオス テクノ ホールディング
2425,6928,JQスタンダード,エノモト
2426,6929,東証1部,日本セラミック
2427,6930,JQスタンダード,日本アンテナ
2428,6932,東証1部,遠藤照明
2429,6935,東証1部,日本デジタル研究所
2430,6937,東証1部,古河電池
2431,6938,東証1部,双信電機
2432,6941,東証1部,山一電機
2433,6942,JQスタンダード,ソフィアホールディングス
2434,6943,JQスタンダード,NKKスイッチズ
2435,6944,JQスタンダード,アイレックス
2436,6945,東証2部,富士通フロンテック
2437,6946,東証2部,日本アビオニクス
2438,6947,東証1部,図研
2439,6950,東証2部,ワイ・イー・データ
2440,6951,東証1部,日本電子
2441,6952,東証1部,カシオ計算機
2442,6954,東証1部,ファナック
2443,6955,東証2部,FDK
2444,6957,JQスタンダード,芝浦電子
2445,6958,東証1部,日本シイエムケイ
2446,6960,JQスタンダード,フクダ電子
2447,6961,東証1部,エンプラス
2448,6962,東証1部,大真空
2449,6963,東証1部,ローム
2450,6964,東証2部,サンコー
2451,6965,東証1部,浜松ホトニクス
2452,6966,東証1部,三井ハイテック
2453,6966,福証,三井ハイテック
2454,6967,東証1部,新光電気工業
2455,6969,東証2部,松尾電機
2456,6971,東証1部,京セラ
2457,6972,東証2部,エルナー
2458,6973,東証1部,協栄産業
2459,6974,東証2部,日本インター
2460,6976,東証1部,太陽誘電
2461,6977,東証2部,日本抵抗器製作所
2462,6981,東証1部,村田製作所
2463,6982,東証2部,リード
2464,6985,東証1部,ユーシン
2465,6986,東証1部,双葉電子工業
2466,6988,東証1部,日東電工
2467,6989,東証1部,北陸電気工業
2468,6992,東証2部,国産電機
2469,6993,東証2部,アジアグロースキャピタル
2470,6994,東証2部,指月電機製作所
2471,6995,東証1部,東海理化電機製作所
2472,6996,東証1部,ニチコン
2473,6997,東証1部,日本ケミコン
2474,6998,東証2部,日本タングステン
2475,6998,福証,日本タングステン
2476,6999,東証1部,KOA
2477,7003,東証1部,三井造船
2478,7004,東証1部,日立造船
2479,7007,東証1部,佐世保重工業
2480,7007,福証,佐世保重工業
2481,7011,東証1部,三菱重工業
2482,7011,福証,三菱重工業
2483,7011,札証,三菱重工業
2484,7012,東証1部,川崎重工業
2485,7013,東証1部,IHI
2486,7013,福証,IHI
2487,7013,札証,IHI
2488,7014,東証1部,名村造船所
2489,7018,東証2部,内海造船
2490,7021,東証2部,ニッチツ
2491,7022,東証1部,サノヤスホールディングス
2492,7102,東証1部,日本車輌製造
2493,7105,東証1部,ニチユ三菱フォークリフト
2494,7122,東証1部,近畿車輛
2495,7148,東証1部,FPG
2496,7150,東証1部,島根銀行
2497,7157,東証マザーズ,ライフネット生命保険
2498,7161,東証1部,じもとホールディングス
2499,7162,JQスタンダード,アストマックス
2500,7164,東証1部,全国保証
2501,7167,東証1部,足利ホールディングス
2502,7169,JQスタンダード,ニュートン・フィナンシャル・コンサルティング
2503,7201,東証1部,日産自動車
2504,7202,東証1部,いすゞ自動車
2505,7203,東証1部,トヨタ自動車
2506,7203,福証,トヨタ自動車
2507,7203,札証,トヨタ自動車
2508,7205,東証1部,日野自動車
2509,7208,東証2部,カネミツ
2510,7211,東証1部,三菱自動車工業
2511,7212,東証1部,エフテック
2512,7213,東証1部,レシップホールディングス
2513,7214,東証1部,GMB
2514,7215,東証2部,ファルテック
2515,7217,JQスタンダード,テイン
2516,7218,JQスタンダード,田中精密工業
2517,7219,JQスタンダード,エッチ・ケー・エス
2518,7220,東証1部,武蔵精密工業
2519,7222,東証1部,日産車体
2520,7224,東証1部,新明和工業
2521,7226,東証1部,極東開発工業
2522,7228,JQスタンダード,デイトナ
2523,7229,JQスタンダード,ユタカ技研
2524,7230,東証1部,日信工業
2525,7231,東証1部,トピー工業
2526,7235,東証2部,東京ラヂエーター製造
2527,7236,東証1部,ティラド
2528,7238,東証1部,曙ブレーキ工業
2529,7239,東証1部,タチエス
2530,7240,東証1部,NOK
2531,7241,東証1部,フタバ産業
2532,7242,東証1部,カヤバ工業
2533,7243,東証1部,シロキ工業
2534,7244,東証1部,市光工業
2535,7245,東証1部,大同メタル工業
2536,7246,東証1部,プレス工業
2537,7247,東証2部,ミクニ
2538,7248,東証1部,カルソニックカンセイ
2539,7250,東証1部,太平洋工業
2540,7251,東証1部,ケーヒン
2541,7254,東証2部,ユニバンス
2542,7255,JQスタンダード,桜井製作所
2543,7256,東証1部,河西工業
2544,7259,東証1部,アイシン精機
2545,7260,東証1部,富士機工
2546,7261,東証1部,マツダ
2547,7262,東証1部,ダイハツ工業
2548,7264,JQスタンダード,ムロコーポレーション
2549,7265,JQスタンダード,エイケン工業
2550,7266,東証1部,今仙電機製作所
2551,7267,東証1部,本田技研工業
2552,7268,JQスタンダード,タツミ
2553,7269,東証1部,スズキ
2554,7270,東証1部,富士重工業
2555,7271,東証1部,安永
2556,7272,東証1部,ヤマハ発動機
2557,7273,東証2部,イクヨ
2558,7274,東証1部,ショーワ
2559,7276,東証1部,小糸製作所
2560,7277,東証1部,TBK
2561,7278,東証1部,エクセディ
2562,7279,東証2部,ハイレックスコーポレーション
2563,7280,東証1部,ミツバ
2564,7282,東証1部,豊田合成
2565,7283,東証1部,愛三工業
2566,7284,東証2部,盟和産業
2567,7287,東証2部,日本精機
2568,7291,東証2部,日本プラスト
2569,7292,東証2部,村上開明堂
2570,7294,東証1部,ヨロズ
2571,7296,東証1部,エフ・シー・シー
2572,7297,JQスタンダード,カーメイト
2573,7298,JQスタンダード,八千代工業
2574,7299,東証2部,フジオーゼックス
2575,7305,東証1部,新家工業
2576,7309,東証1部,シマノ
2577,7312,東証1部,タカタ
2578,7313,東証1部,テイ・エス テック
2579,7314,JQスタンダード,小田原機器
2580,7315,東証2部,IJTテクノロジーホールディングス
2581,7399,JQスタンダード,ナンシン
2582,7404,東証2部,昭和飛行機工業
2583,7408,東証2部,ジャムコ
2584,7412,東証2部,アトム
2585,7413,JQスタンダード,創健社
2586,7414,東証1部,小野建
2587,7414,福証,小野建
2588,7415,JQスタンダード,新星堂
2589,7416,東証1部,はるやま商事
2590,7417,福証,南陽
2591,7419,JQスタンダード,ノジマ
2592,7420,東証1部,佐鳥電機
2593,7421,東証1部,カッパ・クリエイトホールディングス
2594,7422,JQスタンダード,東邦レマック
2595,7425,JQスタンダード,初穂商事
2596,7426,JQスタンダード,山大
2597,7427,東証1部,エコートレーディング
2598,7430,JQスタンダード,サンワドー
2599,7432,JQスタンダード,ダルトン
2600,7433,東証1部,伯東
2601,7434,JQスタンダード,オータケ
2602,7435,JQスタンダード,ナ・デックス
2603,7438,東証1部,コンドーテック
2604,7441,福証,Misumi
2605,7442,東証1部,中山福
2606,7443,JQスタンダード,横浜魚類
2607,7444,東証2部,ハリマ共和物産
2608,7445,東証1部,ライトオン
2609,7446,JQスタンダード,東北化学薬品
2610,7447,東証1部,ナガイレーベン
2611,7448,東証1部,ジーンズメイト
2612,7450,JQスタンダード,サンデー
2613,7451,東証1部,三菱食品
2614,7452,JQスタンダード,マツヤ
2615,7453,東証1部,良品計画
2616,7455,東証1部,三城ホールディングス
2617,7456,東証1部,松田産業
2618,7458,JQスタンダード,第一興商
2619,7459,東証1部,メディパルホールディングス
2620,7460,東証2部,ヤギ
2621,7461,JQスタンダード,キムラ
2622,7462,JQスタンダード,ダイヤ通商
2623,7463,東証1部,アドヴァン
2624,7464,JQスタンダード,セフテック
2625,7465,JQスタンダード,マックスバリュ北海道
2626,7466,東証1部,SPK
2627,7467,東証2部,萩原電気
2628,7472,JQスタンダード,鳥羽洋行
2629,7475,東証2部,アルビス
2630,7476,東証1部,アズワン
2631,7477,JQスタンダード,ムラキ
2632,7480,東証1部,スズデン
2633,7481,東証1部,尾家産業
2634,7482,東証1部,シモジマ
2635,7483,東証1部,ドウシシャ
2636,7486,JQスタンダード,サンリン
2637,7487,東証2部,小津産業
2638,7490,東証2部,日新商事
2639,7493,福証,マルミヤストア
2640,7494,東証1部,コナカ
2641,7500,JQスタンダード,西川計測
2642,7501,JQスタンダード,ティムコ
2643,7502,JQスタンダード,プラザクリエイト
2644,7504,東証1部,高速
2645,7505,東証2部,扶桑電通
2646,7506,東証1部,ハウス オブ ローゼ
2647,7508,東証1部,G-7ホールディングス
2648,7509,JQスタンダード,アイエーグループ
2649,7510,東証2部,たけびし
2650,7512,東証1部,イオン北海道
2651,7512,札証,イオン北海道
2652,7513,東証1部,コジマ
2653,7514,東証1部,ヒマラヤ
2654,7515,東証2部,マルヨシセンター
2655,7516,東証1部,コーナン商事
2656,7517,東証1部,黒田電気
2657,7518,東証1部,ネットワンシステムズ
2658,7519,JQスタンダード,五洋インテックス
2659,7520,東証1部,エコス
2660,7521,JQスタンダード,ムサシ
2661,7522,東証1部,ワタミ
2662,7523,JQスタンダード,アールビバン
2663,7524,東証1部,マルシェ
2664,7525,東証2部,リックス
2665,7525,福証,リックス
2666,7527,JQスタンダード,システムソフト
2667,7531,JQスタンダード,清和中央ホールディングス
2668,7532,東証1部,ドンキホーテホールディングス
2669,7533,福証,グリーンクロス
2670,7537,東証1部,丸文
2671,7538,東証2部,大水
2672,7539,JQスタンダード,アイナボホールディングス
2673,7544,東証2部,スリーエフ
2674,7545,東証1部,西松屋チェーン
2675,7550,東証1部,ゼンショーホールディングス
2676,7551,JQスタンダード,ウェッズ
2677,7552,東証1部,ハピネット
2678,7554,東証1部,幸楽苑
2679,7555,JQスタンダード,大田花き
2680,7558,東証1部,トーメンエレクトロニクス
2681,7559,JQスタンダード,ジーエフシー
2682,7561,東証1部,ハークスレイ
2683,7562,東証2部,安楽亭
2684,7564,JQスタンダード,ワークマン
2685,7565,東証2部,萬世電機
2686,7567,JQスタンダード,栄電子
2687,7570,東証2部,橋本総業
2688,7571,JQスタンダード,ヤマノホールディングス
2689,7575,JQスタンダード,日本ライフライン
2690,7577,JQスタンダード,パスポート
2691,7578,JQスタンダード,ニチリョク
2692,7581,東証1部,サイゼリヤ
2693,7585,JQスタンダード,かんなん丸
2694,7587,JQスタンダード,PALTEK
2695,7590,JQスタンダード,タカショー
2696,7591,東証1部,エクセル
2697,7593,JQスタンダード,VTホールディングス
2698,7594,東証1部,マルカキカイ
2699,7595,東証1部,アルゴグラフィックス
2700,7596,東証2部,魚力
2701,7597,JQスタンダード,東京貴宝
2702,7598,JQスタンダード,ナイスクラップ
2703,7599,東証1部,ガリバーインターナショナル
2704,7600,東証1部,日本エム・ディ・エム
2705,7601,東証1部,ポプラ
2706,7602,東証2部,カーチスホールディングス
2707,7603,JQスタンダード,マックハウス
2708,7604,東証2部,梅の花
2709,7605,JQスタンダード,フジ・コーポレーション
2710,7606,東証1部,ユナイテッドアローズ
2711,7607,東証1部,進和
2712,7608,東証1部,エスケイジャパン
2713,7609,東証1部,ダイトエレクトロン
2714,7610,JQスタンダード,テイツー
2715,7611,東証1部,ハイデイ日高
2716,7612,JQスタンダード,コモンウェルス・エンターテインメント
2717,7613,東証1部,シークス
2718,7614,JQスタンダード,オーエムツーネットワーク
2719,7615,東証1部,京都きもの友禅
2720,7616,東証1部,コロワイド
2721,7618,JQスタンダード,ピーシーデポコーポレーション
2722,7619,東証1部,田中商事
2723,7621,JQスタンダード,うかい
2724,7623,JQスタンダード,サンオータス
2725,7624,JQスタンダード,NaITO
2726,7625,東証2部,グローバルダイニング
2727,7628,東証1部,オーハシテクニカ
2728,7630,東証1部,壱番屋
2729,7631,東証1部,マクニカ
2730,7634,JQスタンダード,星医療酸器
2731,7635,JQスタンダード,杉田エース
2732,7636,JQスタンダード,ハンズマン
2733,7637,東証1部,白銅
2734,7638,JQスタンダード,シーマ
2735,7640,東証1部,トップカルチャー
2736,7643,JQスタンダード,ダイイチ
2737,7643,札証,ダイイチ
2738,7646,東証1部,PLANT
2739,7647,東証2部,音通
2740,7649,東証1部,スギホールディングス
2741,7701,東証1部,島津製作所
2742,7702,東証1部,JMS
2743,7703,東証2部,川澄化学工業
2744,7705,東証2部,ジーエルサイエンス
2745,7707,JQスタンダード,プレシジョン・システム・サイエンス
2746,7708,JQグロース,石山Gateway Holdings
2747,7709,東証1部,クボテック
2748,7711,JQスタンダード,助川電気工業
2749,7713,JQスタンダード,シグマ光機
2750,7714,東証1部,ショットモリテックス
2751,7715,東証1部,長野計器
2752,7716,JQスタンダード,ナカニシ
2753,7717,東証1部,ブイ・テクノロジー
2754,7718,東証1部,スター精密
2755,7719,東証2部,東京衡機
2756,7721,東証1部,東京計器
2757,7722,JQスタンダード,国際計測器
2758,7723,東証1部,愛知時計電機
2759,7725,東証マザーズ,インターアクション
2760,7726,東証2部,黒田精工
2761,7727,東証1部,オーバル
2762,7729,東証1部,東京精密
2763,7730,東証1部,マニー
2764,7731,東証1部,ニコン
2765,7732,東証1部,トプコン
2766,7733,東証1部,オリンパス
2767,7734,東証1部,理研計器
2768,7735,東証1部,大日本スクリーン製造
2769,7739,東証1部,キヤノン電子
2770,7740,東証1部,タムロン
2771,7741,東証1部,HOYA
2772,7743,東証2部,シード
2773,7744,東証1部,ノーリツ鋼機
2774,7745,東証1部,エー・アンド・デイ
2775,7746,JQスタンダード,岡本硝子
2776,7747,東証2部,朝日インテック
2777,7748,JQスタンダード,ホロン
2778,7749,JQスタンダード,メディキット
2779,7751,東証1部,キヤノン
2780,7751,福証,キヤノン
2781,7751,札証,キヤノン
2782,7752,東証1部,リコー
2783,7752,福証,リコー
2784,7752,札証,リコー
2785,7758,東証2部,セコニックホールディングス
2786,7760,JQスタンダード,IMV
2787,7762,東証1部,シチズンホールディングス
2788,7768,東証2部,ジェコー
2789,7769,東証1部,リズム時計工業
2790,7771,JQスタンダード,日本精密
2791,7774,JQグロース,ジャパン・ティッシュ・エンジニアリング
2792,7775,東証1部,大研医器
2793,7776,JQグロース,セルシード
2794,7777,JQグロース,スリー・ディー・マトリックス
2795,7778,東証TPM,アドメテック
2796,7779,東証マザーズ,CYBERDYNE
2797,7817,東証1部,パラマウントベッドホールディングス
2798,7818,東証2部,トランザクション
2799,7819,東証1部,SHO-BI
2800,7820,東証2部,ニホンフラッシュ
2801,7821,東証1部,前田工繊
2802,7822,東証1部,永大産業
2803,7823,東証1部,アートネイチャー
2804,7825,東証1部,ダンロップスポーツ
2805,7826,JQスタンダード,フルヤ金属
2806,7827,JQスタンダード,オービス
2807,7829,東証マザーズ,サマンサタバサジャパンリミテッド
2808,7831,東証2部,ウイルコホールディングス
2809,7832,東証1部,バンダイナムコホールディングス
2810,7833,東証マザーズ,アイフィスジャパン
2811,7834,JQスタンダード,マルマン
2812,7835,JQスタンダード,ウィズ
2813,7836,JQスタンダード,アビックス
2814,7837,JQスタンダード,アールシーコア
2815,7838,東証1部,共立印刷
2816,7839,東証2部,SHOEI
2817,7840,東証1部,フランスベッドホールディングス
2818,7841,JQスタンダード,遠藤製作所
2819,7844,東証1部,マーベラスAQL
2820,7846,東証1部,パイロットコーポレーション
2821,7847,JQスタンダード,グラファイトデザイン
2822,7849,JQスタンダード,スターツ出版
2823,7850,JQスタンダード,総合商研
2824,7851,東証2部,カワセコンピュータサプライ
2825,7853,東証マザーズ,アジェット
2826,7855,JQグロース,カーディナル
2827,7856,東証1部,萩原工業
2828,7857,JQスタンダード,セキ
2829,7858,JQスタンダード,小野産業
2830,7859,東証2部,アルメディオ
2831,78599,東証2部,アルメディオ  予約
2832,7860,東証1部,エイベックス・グループ・ホールディングス
2833,7861,JQスタンダード,東京リスマチック
2834,7862,東証1部,トッパン・フォームズ
2835,7863,JQスタンダード,平賀
2836,7864,東証1部,フジシールインターナショナル
2837,7865,JQスタンダード,ピープル
2838,7867,東証1部,タカラトミー
2839,7868,東証1部,廣済堂
2840,7869,JQスタンダード,日本フォームサービス
2841,7871,東証2部,フクビ化学工業
2842,7872,東証2部,As-meエステール
2843,7873,東証1部,アーク
2844,7874,東証1部,レック
2845,7877,JQスタンダード,永大化工
2846,7878,JQスタンダード,光彩工芸
2847,7879,東証2部,ノダ
2848,7883,JQスタンダード,サンメッセ
2849,7885,東証1部,タカノ
2850,7886,JQスタンダード,ヤマト・インダストリー
2851,7887,東証2部,南海プライウッド
2852,7888,JQスタンダード,三光合成
2853,7889,JQスタンダード,桑山
2854,7891,JQスタンダード,日本ユピカ
2855,7893,東証1部,プロネクサス
2856,7894,福証,丸東産業
2857,7895,JQスタンダード,中央化学
2858,7896,東証2部,セブン工業
2859,7897,東証1部,ホクシン
2860,7898,東証1部,ウッドワン
2861,7899,JQスタンダード,MICS化学
2862,7901,JQスタンダード,マツモト
2863,7902,JQスタンダード,ソノコム
2864,7905,東証1部,大建工業
2865,7906,東証2部,ヨネックス
2866,7908,東証1部,KIMOTO
2867,7911,東証1部,凸版印刷
2868,7912,東証1部,大日本印刷
2869,7913,東証1部,図書印刷
2870,7914,東証1部,共同印刷
2871,7915,東証1部,日本写真印刷
2872,7916,東証1部,光村印刷
2873,7917,東証1部,藤森工業
2874,7918,JQスタンダード,ヴィア・ホールディングス
2875,7919,東証2部,野崎印刷紙業
2876,7920,東証2部,三浦印刷
2877,7921,東証1部,宝印刷
2878,7922,JQスタンダード,三光産業
2879,7923,JQスタンダード,トーイン
2880,7925,東証1部,前澤化成工業
2881,7927,JQスタンダード,ムトー精工
2882,7928,JQスタンダード,旭化学工業
2883,7932,JQスタンダード,ニッピ
2884,7936,東証1部,アシックス
2885,7937,東証1部,ツツミ
2886,7938,JQスタンダード,リーガルコーポレーション
2887,7939,JQスタンダード,研創
2888,7942,東証1部,JSP
2889,7943,東証1部,ニチハ
2890,7944,東証1部,ローランド
2891,7946,東証2部,光陽社
2892,7947,東証1部,エフピコ
2893,7949,東証1部,小松ウオール工業
2894,7951,東証1部,ヤマハ
2895,7952,東証1部,河合楽器製作所
2896,7955,東証1部,クリナップ
2897,7956,東証1部,ピジョン
2898,7957,東証2部,フジコピアン
2899,7958,東証1部,天馬
2900,7961,東証1部,兼松日産農林
2901,7962,東証1部,キングジム
2902,7963,JQスタンダード,興研
2903,7965,東証2部,象印マホービン
2904,7966,東証1部,リンテック
2905,7968,東証1部,TASAKI
2906,7970,東証1部,信越ポリマー
2907,7971,東証1部,東リ
2908,7972,東証1部,イトーキ
2909,7974,東証1部,任天堂
2910,7975,東証2部,リヒトラブ
2911,7976,東証1部,三菱鉛筆
2912,7979,東証1部,松風
2913,7980,JQスタンダード,重松製作所
2914,7981,東証1部,タカラスタンダード
2915,7983,東証2部,ミロク
2916,7984,東証1部,コクヨ
2917,7985,東証2部,ネポン
2918,7986,JQスタンダード,日本アイ・エス・ケイ
2919,7987,東証1部,ナカバヤシ
2920,7988,東証1部,ニフコ
2921,7989,東証2部,立川ブラインド工業
2922,7990,東証1部,グローブライド
2923,7991,東証2部,マミヤ・オーピー
2924,7992,東証2部,セーラー万年筆
2925,7994,東証1部,岡村製作所
2926,7995,東証1部,日本バルカー工業
2927,7997,東証2部,くろがね工作所
2928,7999,東証1部,MUTOHホールディングス
2929,8001,東証1部,伊藤忠商事
2930,8001,福証,伊藤忠商事
2931,8001,札証,伊藤忠商事
2932,8002,東証1部,丸紅
2933,8005,東証1部,スクロール
2934,8006,東証2部,ユアサ・フナショク
2935,8007,東証1部,高島
2936,8008,東証1部,ヨンドシーホールディングス
2937,8011,東証1部,三陽商会
2938,8012,東証1部,長瀬産業
2939,8013,東証1部,ナイガイ
2940,8014,東証1部,蝶理
2941,8015,東証1部,豊田通商
2942,8016,東証1部,オンワードホールディングス
2943,8018,東証1部,三共生興
2944,8020,東証1部,兼松
2945,8022,東証1部,美津濃
2946,8023,東証2部,大興電子通信
2947,8025,東証1部,ツカモトコーポレーション
2948,8028,東証1部,ファミリーマート
2949,8029,東証1部,ルック
2950,8030,東証2部,中央魚類
2951,8031,東証1部,三井物産
2952,8031,福証,三井物産
2953,8031,札証,三井物産
2954,8032,東証1部,日本紙パルプ商事
2955,8035,東証1部,東京エレクトロン
2956,8036,東証1部,日立ハイテクノロジーズ
2957,8037,東証1部,カメイ
2958,8038,東証1部,東都水産
2959,8039,東証2部,築地魚市場
2960,8040,東証2部,東京ソワール
2961,8041,東証1部,OUGホールディングス
2962,8043,東証1部,スターゼン
2963,8044,東証2部,大都魚類
2964,8045,JQスタンダード,横浜丸魚
2965,8046,東証2部,丸藤シートパイル
2966,8050,東証1部,セイコーホールディングス
2967,8051,東証1部,山善
2968,8052,東証1部,椿本興業
2969,8053,東証1部,住友商事
2970,8053,福証,住友商事
2971,8056,東証1部,日本ユニシス
2972,8057,東証1部,内田洋行
2973,8058,東証1部,三菱商事
2974,8059,東証1部,第一実業
2975,8060,東証1部,キヤノンマーケティングジャパン
2976,8061,東証1部,西華産業
2977,8065,東証1部,佐藤商事
2978,8066,東証2部,三谷商事
2979,8068,東証1部,菱洋エレクトロ
2980,8070,東証1部,東京産業
2981,8072,JQスタンダード,日本出版貿易
2982,8073,JQスタンダード,MAGねっとホールディングス
2983,8074,東証1部,ユアサ商事
2984,8075,東証1部,神鋼商事
2985,8077,東証1部,小林産業
2986,8078,東証1部,阪和興業
2987,8079,東証2部,正栄食品工業
2988,8081,東証1部,カナデン
2989,8084,東証1部,菱電商事
2990,8085,東証2部,ナラサキ産業
2991,8085,札証,ナラサキ産業
2992,8086,東証1部,ニプロ
2993,8087,東証1部,フルサト工業
2994,8088,東証1部,岩谷産業
2995,8089,東証1部,すてきナイスグループ
2996,8090,東証1部,昭光通商
2997,8091,東証1部,ニチモウ
2998,8093,東証1部,極東貿易
2999,8095,東証1部,イワキ
3000,8096,東証1部,兼松エレクトロニクス
3001,8097,東証1部,三愛石油
3002,8098,東証1部,稲畑産業
3003,8101,東証1部,GSIクレオス
3004,8103,東証1部,明和産業
3005,8104,札証,クワザワ
3006,8105,東証2部,堀田丸正
3007,8107,東証1部,キムラタン
3008,8108,福証,ヤマエ久野
3009,8111,東証1部,ゴールドウイン
3010,8113,東証1部,ユニ・チャーム
3011,8114,東証1部,デサント
3012,8115,東証2部,ムーンバット
3013,8117,東証2部,中央自動車工業
3014,8118,東証1部,キング
3015,8119,JQスタンダード,三栄コーポレーション
3016,8120,JQスタンダード,大木
3017,8123,JQスタンダード,川辺
3018,8125,東証1部,ワキタ
3019,8127,東証1部,ヤマトインターナショナル
3020,8129,東証1部,東邦ホールディングス
3021,8130,東証1部,サンゲツ
3022,8131,東証1部,ミツウロコグループホールディングス
3023,8132,東証1部,シナネン
3024,8133,東証1部,伊藤忠エネクス
3025,8135,東証2部,ゼット
3026,8136,東証1部,サンリオ
3027,8137,東証1部,サンワテクノス
3028,8138,東証2部,三京化成
3029,8139,東証2部,ナガホリ
3030,8140,東証1部,リョーサン
3031,8141,東証1部,新光商事
3032,8142,東証1部,トーホー
3033,8142,福証,トーホー
3034,8143,東証2部,ラピーヌ
3035,8144,東証2部,電響社
3036,8147,JQスタンダード,トミタ
3037,8148,東証2部,上原成商事
3038,8150,東証1部,三信電気
3039,8151,東証1部,東陽テクニカ
3040,8152,東証2部,ソマール
3041,8153,東証1部,モスフードサービス
3042,8154,東証1部,加賀電子
3043,8155,東証1部,三益半導体工業
3044,8157,東証2部,都築電気
3045,8158,東証1部,ソーダニッカ
3046,8159,東証1部,立花エレテック
3047,8160,東証1部,木曽路
3048,8163,東証1部,サトレストランシステムズ
3049,8165,東証1部,千趣会
3050,8166,東証1部,タカキュー
3051,8167,東証2部,丸久
3052,8168,東証1部,ケーヨー
3053,8170,東証1部,アデランス
3054,8173,東証1部,上新電機
3055,8174,東証1部,日本瓦斯
3056,8175,東証1部,ベスト電器
3057,8175,福証,ベスト電器
3058,8178,東証1部,マルエツ
3059,8179,東証1部,ロイヤルホールディングス
3060,8179,福証,ロイヤルホールディングス
3061,8181,東証1部,東天紅
3062,8182,東証1部,いなげや
3063,8184,東証1部,島忠
3064,8185,東証1部,チヨダ
3065,8186,JQスタンダード,大塚家具
3066,8191,JQスタンダード,光製作所
3067,8194,東証1部,ライフコーポレーション
3068,8196,東証1部,カスミ
3069,8198,東証2部,マックスバリュ東海
3070,8200,東証1部,リンガーハット
3071,8200,福証,リンガーハット
3072,8201,東証1部,さが美
3073,8202,東証2部,ラオックス
3074,8203,東証1部,MrMax
3075,8203,福証,MrMax
3076,8205,JQスタンダード,シャクリー・グローバル・グループ
3077,8207,東証1部,テンアライド
3078,8208,JQスタンダード,エンチョー
3079,8209,東証2部,フレンドリー
3080,8214,東証1部,AOKIホールディングス
3081,8215,JQスタンダード,銀座山形屋
3082,8217,東証1部,オークワ
3083,8218,東証1部,コメリ
3084,8219,東証1部,青山商事
3085,8225,JQスタンダード,タカチホ
3086,8226,東証2部,理経
3087,8227,東証1部,しまむら
3088,8229,東証1部,CFSコーポレーション
3089,8230,東証1部,はせがわ
3090,8230,福証,はせがわ
3091,8233,東証1部,高島屋
3092,8237,東証1部,松屋
3093,8242,東証1部,エイチ・ツー・オー リテイリング
3094,8244,東証1部,近鉄百貨店
3095,8245,東証1部,丸栄
3096,8247,東証2部,大和
3097,8248,東証1部,ニッセンホールディングス
3098,8249,東証2部,テクノアソシエ
3099,8251,東証1部,パルコ
3100,8252,東証1部,丸井グループ
3101,8253,東証1部,クレディセゾン
3102,8254,東証2部,さいか屋
3103,8255,東証1部,アクシアル リテイリング
3104,8256,JQスタンダード,プロルート丸光
3105,8257,JQスタンダード,山陽百貨店
3106,8260,東証1部,井筒屋
3107,8260,福証,井筒屋
3108,8263,東証1部,ダイエー
3109,8267,東証1部,イオン
3110,8270,東証1部,ユニーグループ・ホールディングス
3111,8273,東証1部,イズミ
3112,8274,東証1部,東武ストア
3113,8275,東証2部,フォーバル
3114,8276,東証1部,平和堂
3115,8278,東証1部,フジ
3116,8279,東証1部,ヤオコー
3117,8281,東証1部,ゼビオ
3118,8282,東証1部,ケーズホールディングス
3119,8283,東証1部,Paltac
3120,8285,東証2部,三谷産業
3121,8287,東証2部,マックスバリュ西日本
3122,8289,東証1部,Olympicグループ
3123,8291,東証1部,日産東京販売ホールディングス
3124,8298,JQスタンダード,ファミリー
3125,8301,JQ,日本銀行
3126,8303,東証1部,新生銀行
3127,8304,東証1部,あおぞら銀行
3128,8306,東証1部,三菱UFJフィナンシャル・グループ
3129,8308,東証1部,りそなホールディングス
3130,8309,東証1部,三井住友トラスト・ホールディングス
3131,8316,東証1部,三井住友フィナンシャルグループ
3132,8324,東証1部,第四銀行
3133,8325,東証1部,北越銀行
3134,8327,東証1部,西日本シティ銀行
3135,8327,福証,西日本シティ銀行
3136,8331,東証1部,千葉銀行
3137,8332,東証1部,横浜銀行
3138,8333,東証1部,常陽銀行
3139,8334,東証1部,群馬銀行
3140,8336,東証1部,武蔵野銀行
3141,8337,東証1部,千葉興業銀行
3142,8338,東証1部,筑波銀行
3143,8339,東証1部,東京都民銀行
3144,8341,東証1部,七十七銀行
3145,8341,札証,七十七銀行
3146,8342,東証1部,青森銀行
3147,8343,東証1部,秋田銀行
3148,8344,東証1部,山形銀行
3149,8345,東証1部,岩手銀行
3150,8346,東証1部,東邦銀行
3151,8349,東証1部,東北銀行
3152,8350,東証1部,みちのく銀行
3153,8354,東証1部,ふくおかフィナンシャルグループ
3154,8354,福証,ふくおかフィナンシャルグループ
3155,8355,東証1部,静岡銀行
3156,8356,東証1部,十六銀行
3157,8358,東証1部,スルガ銀行
3158,8359,東証1部,八十二銀行
3159,8360,東証1部,山梨中央銀行
3160,8361,東証1部,大垣共立銀行
3161,8362,東証1部,福井銀行
3162,8363,東証1部,北國銀行
3163,8364,東証1部,清水銀行
3164,8366,東証1部,滋賀銀行
3165,8367,東証1部,南都銀行
3166,8368,東証1部,百五銀行
3167,8369,東証1部,京都銀行
3168,8370,東証1部,紀陽銀行
3169,8374,東証1部,三重銀行
3170,8377,東証1部,ほくほくフィナンシャルグループ
3171,8377,札証,ほくほくフィナンシャルグループ
3172,8379,東証1部,広島銀行
3173,8381,東証1部,山陰合同銀行
3174,8382,東証1部,中国銀行
3175,8383,東証1部,鳥取銀行
3176,8385,東証1部,伊予銀行
3177,8386,東証1部,百十四銀行
3178,8387,東証1部,四国銀行
3179,8388,東証1部,阿波銀行
3180,8390,東証1部,鹿児島銀行
3181,8390,福証,鹿児島銀行
3182,8392,東証1部,大分銀行
3183,8392,福証,大分銀行
3184,8393,東証1部,宮崎銀行
3185,8393,福証,宮崎銀行
3186,8394,東証1部,肥後銀行
3187,8394,福証,肥後銀行
3188,8395,東証1部,佐賀銀行
3189,8395,福証,佐賀銀行
3190,8396,東証1部,十八銀行
3191,8396,福証,十八銀行
3192,8397,東証1部,沖縄銀行
3193,8397,福証,沖縄銀行
3194,8398,福証,筑邦銀行
3195,8399,東証1部,琉球銀行
3196,8399,福証,琉球銀行
3197,8409,東証1部,八千代銀行
3198,8410,東証1部,セブン銀行
3199,8411,東証1部,みずほフィナンシャルグループ
3200,8416,東証1部,高知銀行
3201,8418,東証1部,山口フィナンシャルグループ
3202,8421,東証,信金中央金庫
3203,8423,東証1部,アクリーティブ
3204,8424,東証1部,芙蓉総合リース
3205,8425,東証1部,興銀リース
3206,8439,東証1部,東京センチュリーリース
3207,8462,JQスタンダード,フューチャーベンチャーキャピタル
3208,8473,東証1部,SBIホールディングス
3209,8508,東証2部,Jトラスト
3210,8511,東証1部,日本証券金融
3211,8515,東証1部,アイフル
3212,8518,東証1部,日本アジア投資
3213,8519,東証1部,ポケットカード
3214,8521,東証1部,長野銀行
3215,8522,東証1部,名古屋銀行
3216,8524,東証1部,北洋銀行
3217,8524,札証,北洋銀行
3218,8527,東証1部,愛知銀行
3219,8529,東証1部,第三銀行
3220,8530,東証1部,中京銀行
3221,8536,東証1部,東日本銀行
3222,8537,東証1部,大光銀行
3223,8540,福証,福岡中央銀行
3224,8541,東証1部,愛媛銀行
3225,8542,東証1部,トマト銀行
3226,8543,東証1部,みなと銀行
3227,8544,東証1部,京葉銀行
3228,8545,東証1部,関西アーバン銀行
3229,8550,東証1部,栃木銀行
3230,8551,東証1部,北日本銀行
3231,8554,福証,南日本銀行
3232,8558,東証1部,東和銀行
3233,8559,福証,豊和銀行
3234,8560,福証,宮崎太陽銀行
3235,8562,東証1部,福島銀行
3236,8563,東証1部,大東銀行
3237,8566,東証1部,リコーリース
3238,8570,東証1部,イオンフィナンシャルサービス
3239,8572,東証1部,アコム
3240,8584,東証1部,ジャックス
3241,8584,札証,ジャックス
3242,8585,東証1部,オリエントコーポレーション
3243,8586,東証1部,日立キャピタル
3244,8589,東証1部,アプラスフィナンシャル
3245,8591,東証1部,オリックス
3246,8593,東証1部,三菱UFJリース
3247,8594,札証,中道リース
3248,8595,東証1部,ジャフコ
3249,8596,福証,九州リースサービス
3250,8600,東証1部,トモニホールディングス
3251,8601,東証1部,大和証券グループ本社
3252,8604,東証1部,野村ホールディングス
3253,8609,東証1部,岡三証券グループ
3254,8613,東証1部,丸三証券
3255,8614,東証1部,東洋証券
3256,8616,東証1部,東海東京フィナンシャル・ホールディングス
3257,8617,東証1部,光世証券
3258,8622,東証1部,水戸証券
3259,8624,東証1部,いちよし証券
3260,8625,東証2部,高木証券
3261,8628,東証1部,松井証券
3262,8630,東証1部,NKSJホールディングス
3263,8634,東証1部外国,ジェー・ピー・モルガン・チェース・アンド・カンパニー
3264,8648,東証1部外国,バンク・オブ・アメリカ
3265,8682,東証,モルガン・スタンレー・アジア-パシフィック・ファンド・インク
3266,8685,東証1部外国,アメリカンインターナショナルグループ
3267,8686,東証1部外国,アフラック
3268,8692,東証1部,だいこう証券ビジネス
3269,8697,東証1部,日本取引所グループ
3270,8698,東証1部,マネックスグループ
3271,8699,JQスタンダード,澤田ホールディングス
3272,8700,JQスタンダード,丸八証券
3273,8702,JQスタンダード,スターホールディングス
3274,8702,福証,スターホールディングス
3275,8703,東証1部,カブドットコム証券
3276,8704,JQスタンダード,トレイダーズホールディングス
3277,8705,JQスタンダード,岡藤ホールディングス
3278,8706,東証1部,極東証券
3279,8707,東証1部,岩井コスモホールディングス
3280,8708,JQスタンダード,藍澤證券
3281,8709,JQスタンダード,インヴァスト証券
3282,8710,東証1部外国,シティグループ・インク
3283,8711,JQスタンダード,FXプライムbyGMO
3284,8713,東証1部,フィデアホールディングス
3285,8714,東証1部,池田泉州ホールディングス
3286,8715,東証1部,アニコム ホールディングス
3287,8718,JQスタンダード,JPNホールディングス
3288,8720,東証,ベンチャービジネス証券投資法人  投資証券
3289,8721,東証,ベンチャー・リヴァイタライズ証券投資法人 投資証券
3290,8725,東証1部,MS&ADインシュアランスグループホールディングス
3291,8728,東証1部,マネースクウェア・ジャパン
3292,8729,東証1部,ソニーフィナンシャルホールディングス
3293,8732,東証1部,マネーパートナーズグループ
3294,8737,東証2部,あかつきフィナンシャルグループ
3295,8739,JQスタンダード,スパークス・グループ
3296,8740,JQスタンダード,フジトミ
3297,8742,東証1部,小林洋行
3298,8746,JQスタンダード,第一商品
3299,8747,JQスタンダード,豊商事
3300,8750,東証1部,第一生命保険
3301,8766,東証1部,東京海上ホールディングス
3302,8767,東証マザーズ,ウェブクルー
3303,8769,JQスタンダード,アドバンテッジリスクマネジメント
3304,8771,東証1部,イー・ギャランティ
3305,8772,東証1部,アサックス
3306,8783,JQスタンダード,GFA
3307,8787,JQスタンダード,UCS
3308,8789,東証マザーズ,フィンテック グローバル
3309,8793,東証1部,NECキャピタルソリューション
3310,8795,東証1部,T&Dホールディングス
3311,8798,JQスタンダード,アドバンスクリエイト
3312,8801,東証1部,三井不動産
3313,8802,東証1部,三菱地所
3314,8803,東証1部,平和不動産
3315,8803,福証,平和不動産
3316,8803,札証,平和不動産
3317,8804,東証1部,東京建物
3318,8806,東証1部,ダイビル
3319,8818,東証1部,京阪神ビルディング
3320,8830,東証1部,住友不動産
3321,8835,東証1部,太平洋興発
3322,8836,JQスタンダード,RISE
3323,8840,東証1部,大京
3324,8841,東証1部,テーオーシー
3325,8842,東証1部,東京楽天地
3326,8844,JQスタンダード,コスモスイニシア
3327,8848,東証1部,レオパレス21
3328,8850,JQスタンダード,スターツコーポレーション
3329,8851,東証2部,アーバンライフ
3330,8854,東証2部,日住サービス
3331,8860,東証1部,フジ住宅
3332,8864,東証1部,空港施設
3333,8869,東証1部,明和地所
3334,8870,東証1部,住友不動産販売
3335,8871,東証1部,ゴールドクレスト
3336,8876,東証1部,リロ・ホールディング
3337,8877,東証1部,日本エスリード
3338,8881,東証1部,日神不動産
3339,8885,JQグロース,ラ・アトレ
3340,8886,JQスタンダード,ウッドフレンズ
3341,8887,JQスタンダード,リベレステ
3342,8889,JQスタンダード,アパマンショップホールディングス
3343,8890,JQスタンダード,レーサム
3344,8891,東証2部,エムジーホーム
3345,8892,JQスタンダード,日本エスコン
3346,8893,JQスタンダード,新日本建物
3347,8894,東証2部,原弘産
3348,8897,東証1部,タカラレーベン
3349,8898,JQスタンダード,センチュリー21・ジャパン
3350,8903,JQスタンダード,サンウッド
3351,8904,東証1部,サンヨーハウジング名古屋
3352,8905,東証1部,イオンモール
3353,8908,JQスタンダード,毎日コムネット
3354,8909,JQスタンダード,シノケングループ
3355,8912,東証マザーズ,エリアクエスト
3356,8914,東証マザーズ,エリアリンク
3357,8917,東証1部,ファースト住建
3358,8918,東証1部,ランド
3359,8920,東証1部,東祥
3360,8922,東証マザーズ,日本アセットマーケティング
3361,8923,東証1部,トーセイ
3362,8925,東証マザーズ,アルデプロ
3363,8927,JQスタンダード,明豊エンタープライズ
3364,8928,東証1部,穴吹興産
3365,8929,東証マザーズ,青山財産ネットワークス
3366,8931,JQスタンダード,和田興産
3367,8933,東証1部,エヌ・ティ・ティ都市開発
3368,8934,東証1部,サンフロンティア不動産
3369,8935,東証1部,エフ・ジェー・ネクスト
3370,8938,JQグロース,ロジコム
3371,8940,東証2部,インテリックス
3372,8944,東証1部,ランドビジネス
3373,8945,東証マザーズ,日本社宅サービス
3374,8946,JQスタンダード,陽光都市開発
3375,8951,東証,日本ビルファンド投資法人 投資証券
3376,8952,東証,ジャパンリアルエステイト投資法人 投資証券
3377,8953,東証,日本リテールファンド投資法人 投資証券
3378,8954,東証,オリックス不動産投資法人 投資証券
3379,8955,東証,日本プライムリアルティ投資法人 投資証券
3380,8956,東証,プレミア投資法人 投資証券
3381,8957,東証,東急リアル・エステート投資法人 投資証券
3382,8958,東証,グローバル・ワン不動産投資法人 投資証券
3383,8959,東証,野村不動産オフィスファンド投資法人 投資証券
3384,8960,東証,ユナイテッド・アーバン投資法人 投資証券
3385,8961,東証,森トラスト総合リート投資法人 投資証券
3386,8963,東証,インヴィンシブル投資法人 投資証券
3387,8964,東証,フロンティア不動産投資法人 投資証券
3388,8966,東証,平和不動産リート投資法人 投資証券
3389,8967,東証,日本ロジスティクスファンド投資法人 投資証券
3390,8968,東証,福岡リート投資法人 投資証券
3391,8968,福証,福岡リート投資法人 投資証券
3392,8972,東証,ケネディクス・オフィス投資法人 投資証券
3393,8973,東証,積水ハウス・SI レジデンシャル投資法人 投資証券
3394,8975,東証,いちご不動産投資法人 投資証券
3395,8976,東証,大和証券オフィス投資法人 投資証券
3396,8977,東証,阪急リート投資法人 投資証券
3397,8979,東証,スターツプロシード投資法人 投資証券
3398,8982,東証,トップリート投資法人 投資証券
3399,8984,東証,大和ハウス・レジデンシャル投資法人 投資証券
3400,8985,東証,ジャパン・ホテル・リート投資法人 投資証券
3401,8986,東証,日本賃貸住宅投資法人 投資証券
3402,8987,東証,ジャパンエクセレント投資法人 投資証券
3403,8995,東証2部,誠建設工業
3404,8996,福証Q-Board,ハウスフリーダム
3405,8998,東証マザーズ,SBIライフリビング
3406,8999,東証1部,グランディハウス
3407,9001,東証1部,東武鉄道
3408,9003,東証1部,相鉄ホールディングス
3409,9005,東証1部,東京急行電鉄
3410,9006,東証1部,京浜急行電鉄
3411,9007,東証1部,小田急電鉄
3412,9008,東証1部,京王電鉄
3413,9009,東証1部,京成電鉄
3414,9010,東証1部,富士急行
3415,9012,JQスタンダード,秩父鉄道
3416,9014,東証1部,新京成電鉄
3417,9017,東証2部,新潟交通
3418,9020,東証1部,東日本旅客鉄道
3419,9021,東証1部,西日本旅客鉄道
3420,9021,福証,西日本旅客鉄道
3421,9022,東証1部,東海旅客鉄道
3422,9024,東証1部,西武ホールディングス
3423,9025,東証1部,鴻池運輸
3424,9027,札証,ロジネット ジャパン
3425,9028,東証2部,ゼロ
3426,9029,東証2部,ヒガシトゥエンティワン
3427,9031,東証1部,西日本鉄道
3428,9031,福証,西日本鉄道
3429,9033,東証2部,広島電鉄
3430,9034,JQスタンダード,南総通運
3431,9035,福証,第一交通産業
3432,9036,JQスタンダード,東部ネットワーク
3433,9037,東証1部,ハマキョウレックス
3434,9039,東証1部,サカイ引越センター
3435,9041,東証1部,近畿日本鉄道
3436,9042,東証1部,阪急阪神ホールディングス
3437,9044,東証1部,南海電気鉄道
3438,9045,東証1部,京阪電気鉄道
3439,9046,東証1部,神戸電鉄
3440,9047,東証1部,名糖運輸
3441,9048,東証1部,名古屋鉄道
3442,9049,東証2部,京福電気鉄道
3443,9051,JQスタンダード,センコン物流
3444,9052,東証1部,山陽電気鉄道
3445,9055,東証2部,アルプス物流
3446,9056,東証2部,ヒューテックノオリン
3447,9057,JQスタンダード,遠州トラック
3448,9058,東証1部,トランコム
3449,9059,東証2部,カンダホールディングス
3450,9060,JQスタンダード,日本ロジテム
3451,9062,東証1部,日本通運
3452,9063,東証2部,岡山県貨物運送
3453,9064,東証1部,ヤマトホールディングス
3454,9065,東証1部,山九
3455,9065,福証,山九
3456,9066,東証1部,日新
3457,9067,東証1部,丸運
3458,9068,東証1部,丸全昭和運輸
3459,9069,東証1部,センコー
3460,9070,東証1部,トナミホールディングス
3461,9072,東証1部,日本梱包運輸倉庫
3462,9073,JQスタンダード,京極運輸商事
3463,9074,東証1部,日本石油輸送
3464,9075,東証1部,福山通運
3465,9076,東証1部,セイノーホールディングス
3466,9081,東証1部,神奈川中央交通
3467,9082,東証2部,大和自動車交通
3468,9083,東証2部,神姫バス
3469,9085,札証,北海道中央バス
3470,9086,東証1部,日立物流
3471,9087,JQスタンダード,タカセ
3472,9090,東証2部,丸和運輸機関
3473,9101,東証1部,日本郵船
3474,9104,東証1部,商船三井
3475,9107,東証1部,川崎汽船
3476,9107,福証,川崎汽船
3477,9110,東証1部,NSユナイテッド海運
3478,9113,東証1部,乾汽船
3479,9115,東証1部,明治海運
3480,9119,東証1部,飯野海運
3481,9119,福証,飯野海運
3482,9127,東証2部,玉井商船
3483,9130,東証1部,共栄タンカー
3484,9132,東証1部,第一中央汽船
3485,9133,JQスタンダード,東栄リーファーライン
3486,9171,東証2部,栗林商船
3487,9173,東証2部,東海汽船
3488,9176,JQスタンダード,佐渡汽船
3489,9179,東証2部,川崎近海汽船
3490,9180,JQスタンダード,新和内航海運
3491,9193,東証2部,東京汽船
3492,9201,東証1部,日本航空
3493,9202,東証1部,ANAホールディングス
3494,9204,東証1部,スカイマーク
3495,9206,東証2部,スターフライヤー
3496,9232,東証1部,パスコ
3497,9233,東証2部,アジア航測
3498,9301,東証1部,三菱倉庫
3499,9302,東証1部,三井倉庫
3500,9303,東証1部,住友倉庫
3501,9304,東証1部,澁澤倉庫
3502,9305,東証1部,ヤマタネ
3503,9306,東証1部,東陽倉庫
3504,9307,東証2部,杉村倉庫
3505,9308,東証2部,イヌイ倉庫
3506,9310,東証1部,日本トランスシティ
3507,9311,東証2部,アサガミ
3508,9312,東証1部,ケイヒン
3509,9313,東証2部,丸八倉庫
3510,9317,東証2部,オーナミ
3511,9318,東証2部,アジア・アライアンス・ホールディングス
3512,9319,東証1部,中央倉庫
3513,9320,東証2部,三和倉庫
3514,9322,東証2部,川西倉庫
3515,9324,東証1部,安田倉庫
3516,9351,東証1部,東洋埠頭
3517,9353,東証2部,櫻島埠頭
3518,9355,東証2部,リンコーコーポレーション
3519,9358,東証1部,宇徳
3520,9360,東証2部,鈴与シンワート
3521,9361,東証2部,伏木海陸運送
3522,9362,東証2部,兵機海運
3523,9363,東証2部,大運
3524,9364,東証1部,上組
3525,9365,東証2部,トレーディア
3526,9366,東証1部,サンリツ
3527,9367,JQスタンダード,大東港運
3528,9368,東証1部,キムラユニティー
3529,9369,東証1部,キユーソー流通システム
3530,9370,東証1部,郵船ロジスティクス
3531,9373,東証2部,ニッコウトラベル
3532,9375,東証1部,近鉄エクスプレス
3533,9376,JQスタンダード,ユーラシア旅行社
3534,9377,JQスタンダード,エージーピー
3535,9380,東証1部,東海運
3536,9381,東証1部,エーアイテイー
3537,9384,東証2部,内外トランスライン
3538,9385,JQグロース,ショーエイコーポレーション
3539,9386,JQスタンダード,日本コンセプト
3540,9399,東証マザーズ外国,新華ホールディングス・リミテッド
3541,9401,東証1部,東京放送ホールディングス
3542,9404,東証1部,日本テレビホールディングス
3543,9405,東証2部,朝日放送
3544,9407,福証,RKB毎日放送
3545,9408,JQスタンダード,新潟放送
3546,9409,東証1部,テレビ朝日ホールディングス
3547,9412,東証1部,スカパーJSATホールディングス
3548,9413,東証1部,テレビ東京ホールディングス
3549,9414,東証2部,日本BS放送
3550,9419,東証マザーズ,ワイヤレスゲート
3551,9421,JQスタンダード,ネプロジャパン
3552,9422,東証1部,コネクシオ
3553,9423,JQスタンダード,フォーバル・リアルストレート
3554,9424,JQスタンダード,日本通信
3555,9425,JQスタンダード,日本テレホン
3556,9428,東証1部,クロップス
3557,9432,東証1部,日本電信電話
3558,9433,東証1部,KDDI
3559,9435,東証1部,光通信
3560,9436,JQスタンダード,沖縄セルラー電話
3561,9437,東証1部,NTTドコモ
3562,9438,JQスタンダード,エムティーアイ
3563,9439,JQスタンダード,エム・エイチ・グループ
3564,9441,JQスタンダード,ベルパーク
3565,9444,JQスタンダード,トーシン
3566,9445,東証マザーズ,フォーバルテレコム
3567,9446,JQスタンダード,エスケーアイ
3568,9449,東証1部,GMOインターネット
3569,9470,東証1部,学研ホールディングス
3570,9474,東証1部,ゼンリン
3571,9474,福証,ゼンリン
3572,9475,東証1部,昭文社
3573,9476,JQスタンダード,中央経済社
3574,9477,東証1部,KADOKAWA
3575,9478,JQスタンダード,SEホールディングス・アンド・インキュベーションズ
3576,9479,東証1部,インプレスホールディングス
3577,9501,東証1部,東京電力
3578,9502,東証1部,中部電力
3579,9503,東証1部,関西電力
3580,9504,東証1部,中国電力
3581,9505,東証1部,北陸電力
3582,9506,東証1部,東北電力
3583,9507,東証1部,四国電力
3584,9508,東証1部,九州電力
3585,9508,福証,九州電力
3586,9509,東証1部,北海道電力
3587,9509,札証,北海道電力
3588,9511,東証1部,沖縄電力
3589,9511,福証,沖縄電力
3590,9513,東証1部,電源開発
3591,9514,東証マザーズ,ファーストエスコ
3592,9531,東証1部,東京瓦斯
3593,9532,東証1部,大阪瓦斯
3594,9533,東証1部,東邦瓦斯
3595,9534,東証1部,北海道瓦斯
3596,9534,札証,北海道瓦斯
3597,9535,東証2部,広島ガス
3598,9536,東証1部,西部瓦斯
3599,9536,福証,西部瓦斯
3600,9537,東証2部,北陸瓦斯
3601,9539,東証2部,京葉瓦斯
3602,9543,東証1部,静岡瓦斯
3603,9600,東証1部,アイネット
3604,9601,東証1部,松竹
3605,9601,福証,松竹
3606,9601,札証,松竹
3607,9602,東証1部,東宝
3608,9602,福証,東宝
3609,9603,東証1部,エイチ・アイ・エス
3610,9605,東証1部,東映
3611,9607,東証1部,AOI Pro.
3612,9608,JQスタンダード,福山コンサルタント
3613,9610,JQスタンダード,ウィルソン・ラーニング ワールドワイド
3614,9612,東証2部,ラックランド
3615,9613,東証1部,エヌ・ティ・ティ・データ
3616,9616,東証1部,共立メンテナンス
3617,9619,東証1部,イチネンホールディングス
3618,9621,東証1部,建設技術研究所
3619,9622,東証1部,スペース
3620,9624,東証2部,長大
3621,9625,JQスタンダード,セレスポ
3622,9627,東証1部,アインファーマシーズ
3623,9627,札証,アインファーマシーズ
3624,9628,東証1部,燦ホールディングス
3625,9629,東証2部,ピー・シー・エー
3626,9631,東証2部,東急レクリエーション
3627,9632,東証1部,スバル興業
3628,9633,東証1部,東京テアトル
3629,9635,東証2部,武蔵野興業
3630,9636,東証2部,きんえい
3631,9637,東証2部,オーエス
3632,9638,JQスタンダード,情報技術開発
3633,9639,JQスタンダード,三協フロンテア
3634,9640,JQスタンダード,セゾン情報システムズ
3635,9641,JQスタンダード,サコス
3636,9644,JQスタンダード,タナベ経営
3637,9647,JQスタンダード,協和コンサルタンツ
3638,9651,JQスタンダード,日本プロセス
3639,9656,東証2部,グリーンランドリゾート
3640,9656,福証,グリーンランドリゾート
3641,9657,JQスタンダード,コムテック
3642,9658,JQスタンダード,ビジネスブレイン太田昭和
3643,9661,東証2部,歌舞伎座
3644,9663,JQスタンダード,ナガワ
3645,9671,東証1部,よみうりランド
3646,9672,東証1部,東京都競馬
3647,9674,東証2部,花月園観光
3648,9675,東証1部,常磐興産
3649,9678,東証1部,カナモト
3650,9678,札証,カナモト
3651,9679,JQスタンダード,ホウライ
3652,9680,東証2部,共成レンテム
3653,9681,東証1部,東京ドーム
3654,9682,東証1部,DTS
3655,9684,東証1部,スクウェア・エニックス・ホールディングス
3656,9685,JQスタンダード,KYCOMホールディングス
3657,9686,東証2部,東洋テック
3658,9687,JQスタンダード,KSK
3659,9691,JQスタンダード,両毛システムズ
3660,9692,東証1部,シーイーシー
3661,9695,JQスタンダード,鴨川グランドホテル
3662,9696,JQスタンダード,ウィザス
3663,9697,東証1部,カプコン
3664,9698,JQスタンダード,クレオ
3665,9699,東証1部,西尾レントオール
3666,9701,東証2部,東京會舘
3667,9702,東証2部,アイ・エス・ビー
3668,9704,東証1部,アゴーラ・ホスピタリティー・グループ
3669,9706,東証1部,日本空港ビルデング
3670,9707,JQスタンダード,ユニマットそよ風
3671,9708,東証2部,帝国ホテル
3672,9709,東証2部,日本コンピューター・システム
3673,9713,東証2部,ロイヤルホテル
3674,9715,東証1部,トランス・コスモス
3675,9716,東証1部,乃村工藝社
3676,9717,東証1部,ジャステック
3677,9719,東証1部,SCSK
3678,9720,JQスタンダード,ホテル、ニューグランド
3679,9722,東証1部,藤田観光
3680,9723,東証2部,京都ホテル
3681,9726,東証1部,KNT-CTホールディングス
3682,9728,東証1部,日本管財
3683,9729,東証1部,トーカイ
3684,9731,東証1部,白洋舎
3685,9733,JQスタンダード,ナガセ
3686,9734,JQスタンダード,精養軒
3687,9735,東証1部,セコム
3688,9736,JQスタンダード,白青舎
3689,9739,東証1部,日本システムウエア
3690,9740,東証1部,セントラル警備保障
3691,9742,東証1部,アイネス
3692,9743,東証1部,丹青社
3693,9744,東証1部,メイテック
3694,9746,東証1部,TKC
3695,9747,東証1部,アサツー ディ・ケイ
3696,9748,東証2部,エヌジェーケー
3697,9749,東証1部,富士ソフト
3698,9753,JQスタンダード,アイエックス・ナレッジ
3699,9755,東証1部,応用地質
3700,9757,東証1部,船井総合研究所
3701,9758,JQスタンダード,ジャパンシステム
3702,9759,東証1部,NSD
3703,9760,東証1部,進学会
3704,9761,東証2部,東海リース
3705,9763,東証1部,丸紅建材リース
3706,9764,東証2部,技研興業
3707,9765,東証2部,オオバ
3708,9766,東証1部,コナミ
3709,9767,東証2部,日建工学
3710,9768,JQスタンダード,いであ
3711,9769,JQスタンダード,学究社
3712,9776,JQスタンダード,札幌臨床検査センター
3713,9776,札証,札幌臨床検査センター
3714,9778,JQスタンダード,昴
3715,9780,JQスタンダード,ハリマビステム
3716,9782,JQスタンダード,ディーエムエス
3717,9783,東証1部,ベネッセホールディングス
3718,9787,東証1部,イオンディライト
3719,9788,東証1部,ナック
3720,9790,東証1部,福井コンピュータホールディングス
3721,9791,東証2部,ビケンテクノ
3722,9792,東証1部,ニチイ学館
3723,9793,東証1部,ダイセキ
3724,9795,東証1部,ステップ
3725,9797,東証2部,大日本コンサルタント
3726,9799,東証2部,旭情報サービス
3727,9810,東証1部,日鉄住金物産
3728,9812,JQスタンダード,テーオー小笠原
3729,9816,JQスタンダード,ストライダーズ
3730,9818,東証2部,大丸エナウィン
3731,9819,福証,スーパー大栄
3732,9820,JQスタンダード,エムティジェネックス
3733,9823,JQスタンダード,マミーマート
3734,9824,東証2部,泉州電業
3735,9826,東証2部,JEUGIA
3736,9827,JQスタンダード,リリカラ
3737,9828,東証1部,元気寿司
3738,9829,JQスタンダード,ながの東急百貨店
3739,9830,東証1部,トラスコ中山
3740,9831,東証1部,ヤマダ電機
3741,9832,東証1部,オートバックスセブン
3742,9835,東証2部,ジュンテンドー
3743,9836,JQスタンダード,リーバイ・ストラウス ジャパン
3744,9837,東証2部,モリト
3745,9842,東証1部,アークランドサカモト
3746,9843,東証1部,ニトリホールディングス
3747,9843,札証,ニトリホールディングス
3748,9845,東証2部,パーカーコーポレーション
3749,9846,東証2部,天満屋ストア
3750,9849,JQスタンダード,共同紙販ホールディングス
3751,9850,東証1部,グルメ杵屋
3752,9852,JQスタンダード,中央物産
3753,9853,JQスタンダード,銀座ルノアール
3754,9854,東証1部,愛眼
3755,9855,東証2部,くろがねや
3756,9856,東証1部,ケーユーホールディングス
3757,9857,東証2部,英和
3758,9861,東証1部,吉野家ホールディングス
3759,9866,福証,マルキョウ
3760,9867,JQスタンダード,ソレキア
3761,9869,東証1部,加藤産業
3762,9870,東証2部,ハナテン
3763,9872,東証2部,北恵
3764,9873,東証2部,日本KFCホールディングス
3765,9876,JQスタンダード,コックス
3766,9878,東証2部,セキド
3767,9880,東証1部,イノテック
3768,9882,東証1部,イエローハット
3769,9883,東証1部,富士エレクトロニクス
3770,9885,東証2部,シャルレ
3771,9887,東証1部,松屋フーズ
3772,9888,JQスタンダード,UEX
3773,9889,東証1部,JBCCホールディングス
3774,9890,JQスタンダード,マキヤ
3775,9892,JQスタンダード,卑弥呼
3776,9895,JQスタンダード,コンセック
3777,9896,東証1部,JKホールディングス
3778,9898,JQスタンダード,サハダイヤモンド
3779,9899,東証2部,ジョリーパスタ
3780,9900,東証1部,サガミチェーン
3781,9902,東証1部,日伝
3782,9903,JQスタンダード,カンセキ
3783,9904,東証2部,ベリテ
3784,9906,JQスタンダード,藤井産業
3785,9908,JQスタンダード,日本電計
3786,9909,JQスタンダード,愛光電気
3787,9913,JQスタンダード,日邦産業
3788,9914,JQスタンダード,植松商会
3789,9919,東証1部,関西スーパーマーケット
3790,9922,東証2部,日立機材
3791,9927,JQスタンダード,ワットマン
3792,9928,東証1部,ミロク情報サービス
3793,9929,東証2部,平和紙業
3794,9930,東証1部,北沢産業
3795,9931,JQスタンダード,家族亭
3796,9932,東証1部,杉本商事
3797,9934,東証1部,因幡電機産業
3798,9936,東証1部,王将フードサービス
3799,9941,JQスタンダード,太洋物産
3800,9942,福証,ジョイフル
3801,9943,JQスタンダード,ココスジャパン
3802,9945,東証1部,プレナス
3803,9946,東証1部,ミニストップ
3804,9948,東証1部,アークス
3805,9948,札証,アークス
3806,9950,JQスタンダード,ハチバン
3807,9955,JQスタンダード,ヨンキュウ
3808,9956,東証1部,バロー
3809,9957,東証1部,バイテック
3810,9959,東証2部,アシードホールディングス
3811,9960,JQスタンダード,東テク
3812,9962,東証1部,ミスミグループ本社
3813,9963,東証1部,江守グループホールディングス
3814,9964,JQスタンダード,アイ・テック
3815,9966,東証1部,藤久
3816,9967,東証2部,堺商事
3817,9969,東証2部,ショクブン
3818,9972,東証1部,アルテック
3819,9973,JQスタンダード,小僧寿し
3820,9974,東証1部,ベルク
3821,9976,JQスタンダード,セキチュー
3822,9977,JQスタンダード,アオキスーパー
3823,9978,JQスタンダード,文教堂グループホールディングス
3824,9979,東証1部,大庄
3825,9980,東証2部,マルコ
3826,9982,東証1部,タキヒヨー
3827,9983,東証1部,ファーストリテイリング
3828,9984,東証1部,ソフトバンク
3829,9986,東証2部,蔵王産業
3830,9987,東証1部,スズケン
3831,9987,札証,スズケン
3832,9989,東証1部,サンドラッグ
3833,9990,東証1部,東京デリカ
3834,9991,東証1部,ジェコス
3835,9992,JQスタンダード,理研グリーン
3836,9993,東証1部,ヤマザワ
3837,9994,東証1部,やまや
3838,9995,東証2部,ルネサスイーストン
3839,9996,JQスタンダード,サトー商会
3840,9997,東証1部,ベルーナ
